plant,fragment,site,treatment,co_grains,he_grains,stigma,co_grains/stigma,he_grains/stigma,land_use,status,total polen
Hirschfeldia incana,C-leon,SC,open,492,26,2,246,13,r,e,259
Hirschfeldia incana,C-leon,SC,open,438,26,2,219,13,r,e,232
Hirschfeldia incana,C-leon,SC,open,470,53,2,235,26.5,r,e,261.5
Hirschfeldia incana,C-leon,SC,open,831,34,2,415.5,17,r,e,432.5
Hirschfeldia incana,C-leon,SC,open,853,36,2,426.5,18,r,e,444.5
Hirschfeldia incana,C-leon,SC,open,1120,40,2,560,20,r,e,580
Hirschfeldia incana,C-leon,SC,open,774,19,2,387,9.5,r,e,396.5
Hirschfeldia incana,C-leon,SC,open,384,13,2,192,6.5,r,e,198.5
Hirschfeldia incana,C-leon,SC,open,655,9,2,327.5,4.5,r,e,332
Hirschfeldia incana,C-leon,SC,open,1054,187,2,527,93.5,r,e,620.5
Hirschfeldia incana,C-leon,SC,open,516,66,2,258,33,r,e,291
Hirschfeldia incana,C-leon,SC,open,712,16,2,356,8,r,e,364
Hirschfeldia incana,C-leon,SC,open,572,5,2,286,2.5,r,e,288.5
Hirschfeldia incana,C-leon,SC,open,1117,81,2,558.5,40.5,r,e,599
Hirschfeldia incana,C-leon,SC,open,541,20,2,270.5,10,r,e,280.5
Hirschfeldia incana,C-leon,SC,open,278,33,2,139,16.5,r,e,155.5
Hirschfeldia incana,C-leon,SC,open,615,23,2,307.5,11.5,r,e,319
Hirschfeldia incana,C-leon,SC,closed,1208,2,2,604,1,r,e,605
Hirschfeldia incana,C-leon,SC,closed,546,4,2,273,2,r,e,275
Hirschfeldia incana,C-leon,SC,closed,917,6,2,458.5,3,r,e,461.5
Hirschfeldia incana,C-leon,SC,closed,261,2,2,130.5,1,r,e,131.5
Hirschfeldia incana,C-leon,SC,closed,503,0,2,251.5,0,r,e,251.5
Hirschfeldia incana,C-leon,SC,closed,362,0,2,181,0,r,e,181
Hirschfeldia incana,C-leon,SC,closed,1310,3,2,655,1.5,r,e,656.5
Hirschfeldia incana,C-leon,SC,closed,362,13,2,181,6.5,r,e,187.5
Hirschfeldia incana,C-leon,SC,closed,899,16,2,449.5,8,r,e,457.5
Hirschfeldia incana,C-leon,SC,closed,774,22,2,387,11,r,e,398
Hirschfeldia incana,C-leon,SC,closed,802,4,2,401,2,r,e,403
Hirschfeldia incana,C-leon,SC,closed,434,3,2,217,1.5,r,e,218.5
Hirschfeldia incana,A-v’as,SC,open,623,5,2,311.5,2.5,a,e,314
Hirschfeldia incana,A-v’as,SC,open,506,3,2,253,1.5,a,e,254.5
Hirschfeldia incana,A-v’as,SC,open,300,3,2,150,1.5,a,e,151.5
Hirschfeldia incana,A-v’as,SC,open,639,4,2,319.5,2,a,e,321.5
Hirschfeldia incana,A-v’as,SC,open,866,1,2,433,0.5,a,e,433.5
Hirschfeldia incana,A-v’as,SC,open,525,3,2,262.5,1.5,a,e,264
Hirschfeldia incana,A-v’as,SC,open,1090,11,2,545,5.5,a,e,550.5
Hirschfeldia incana,A-v’as,SC,open,553,1,2,276.5,0.5,a,e,277
Hirschfeldia incana,A-v’as,SC,open,366,2,2,183,1,a,e,184
Hirschfeldia incana,A-v’as,SC,open,229,0,2,114.5,0,a,e,114.5
Hirschfeldia incana,A-v’as,SC,open,432,2,2,216,1,a,e,217
Hirschfeldia incana,A-v’as,SC,open,135,1,2,67.5,0.5,a,e,68
Hirschfeldia incana,A-v’as,SC,open,1105,1,2,552.5,0.5,a,e,553
Hirschfeldia incana,A-v’as,SC,open,424,1,2,212,0.5,a,e,212.5
Hirschfeldia incana,A-v’as,SC,open,699,0,2,349.5,0,a,e,349.5
Hirschfeldia incana,A-v’as,SC,open,340,0,1,340,0,a,e,340
Hirschfeldia incana,A-v’as,SC,closed,880,1,2,440,0.5,a,e,440.5
Hirschfeldia incana,A-v’as,SC,closed,388,0,2,194,0,a,e,194
Hirschfeldia incana,A-v’as,SC,closed,465,1,2,232.5,0.5,a,e,233
Hirschfeldia incana,A-v’as,SC,closed,284,0,2,142,0,a,e,142
Hirschfeldia incana,A-v’as,SC,closed,408,1,2,204,0.5,a,e,204.5
Hirschfeldia incana,A-v’as,SC,closed,334,1,2,167,0.5,a,e,167.5
Hirschfeldia incana,A-v’as,SC,closed,518,2,2,259,1,a,e,260
Hirschfeldia incana,A-v’as,SC,closed,314,0,2,157,0,a,e,157
Hirschfeldia incana,A-v’as,SC,open,869,2,2,434.5,1,a,e,435.5
Hirschfeldia incana,A-v’as,SC,open,778,4,2,389,2,a,e,391
Hirschfeldia incana,A-v’as,SC,open,706,0,2,353,0,a,e,353
Hirschfeldia incana,A-v’as,SC,open,1012,0,2,506,0,a,e,506
Hirschfeldia incana,A-v’as,SC,open,836,1,2,418,0.5,a,e,418.5
Hirschfeldia incana,A-v’as,SC,open,733,0,2,366.5,0,a,e,366.5
Hirschfeldia incana,A-v’as,SC,open,819,4,2,409.5,2,a,e,411.5
Hirschfeldia incana,A-v’as,SC,open,1438,2,2,719,1,a,e,720
Hirschfeldia incana,A-v’as,SC,open,948,1,2,474,0.5,a,e,474.5
Hirschfeldia incana,A-v’as,SC,closed,579,4,2,289.5,2,a,e,291.5
Hirschfeldia incana,A-v’as,SC,closed,591,2,2,295.5,1,a,e,296.5
Hirschfeldia incana,A-v’as,SC,closed,599,4,1,599,4,a,e,603
Hirschfeldia incana,A-v’as,SC,open,804,7,2,402,3.5,a,e,405.5
Hirschfeldia incana,A-v’as,SC,open,436,0,1,436,0,a,e,436
Hirschfeldia incana,A-v’as,SC,open,688,1,2,344,0.5,a,e,344.5
Hirschfeldia incana,A-alfalfa,AN,open,1076,3,2,538,1.5,a,e,539.5
Hirschfeldia incana,A-alfalfa,AN,open,968,6,2,484,3,a,e,487
Hirschfeldia incana,A-alfalfa,AN,open,1061,4,2,530.5,2,a,e,532.5
Hirschfeldia incana,A-alfalfa,AN,open,1358,0,2,679,0,a,e,679
Hirschfeldia incana,A-alfalfa,AN,open,1070,2,2,535,1,a,e,536
Hirschfeldia incana,A-alfalfa,AN,open,790,0,2,395,0,a,e,395
Hirschfeldia incana,A-alfalfa,AN,closed,714,2,2,357,1,a,e,358
Hirschfeldia incana,A-alfalfa,AN,closed,613,1,2,306.5,0.5,a,e,307
Hirschfeldia incana,A-alfalfa,AN,closed,538,1,2,269,0.5,a,e,269.5
Hirschfeldia incana,A-alfalfa,AN,open,890,0,2,445,0,a,e,445
Hirschfeldia incana,A-alfalfa,AN,open,598,2,2,299,1,a,e,300
Hirschfeldia incana,A-alfalfa,AN,open,394,1,2,197,0.5,a,e,197.5
Hirschfeldia incana,A-alfalfa,AN,open,444,1,1,444,1,a,e,445
Hirschfeldia incana,A-alfalfa,AN,open,775,0,2,387.5,0,a,e,387.5
Hirschfeldia incana,A-alfalfa,AN,closed,1545,1,2,772.5,0.5,a,e,773
Hirschfeldia incana,A-alfalfa,AN,closed,5536,1,2,2768,0.5,a,e,2768.5
Hirschfeldia incana,A-alfalfa,AN,closed,219,0,2,109.5,0,a,e,109.5
Hirschfeldia incana,A-alfalfa,AN,closed,863,1,2,431.5,0.5,a,e,432
Hirschfeldia incana,A-alfalfa,AN,closed,359,0,2,179.5,0,a,e,179.5
Hirschfeldia incana,A-alfalfa,AN,closed,196,0,2,98,0,a,e,98
Hirschfeldia incana,A-alfalfa,AN,closed,546,0,2,273,0,a,e,273
Hirschfeldia incana,A-alfalfa,AN,closed,1134,0,2,567,0,a,e,567
Hirschfeldia incana,A-alfalfa,AN,closed,490,0,2,245,0,a,e,245
Hirschfeldia incana,A-alfalfa,AN,closed,493,0,2,246.5,0,a,e,246.5
Hirschfeldia incana,A-alfalfa,AN,closed,1035,0,2,517.5,0,a,e,517.5
Hirschfeldia incana,A-alfalfa,AN,closed,284,1,2,142,0.5,a,e,142.5
Hirschfeldia incana,A-alfalfa,AN,closed,191,1,2,95.5,0.5,a,e,96
Hirschfeldia incana,A-alfalfa,AN,closed,807,0,2,403.5,0,a,e,403.5
Nierembergia aristata,A-alfalfa,AN,closed,115,0,1,115,0,a,n,115
Nierembergia aristata,A-alfalfa,AN,open,836,90,1,836,90,a,n,926
Turnera sidioides,A-alfalfa,AN,closed,115,0,2,57.5,0,a,n,57.5
Turnera sidioides,A-alfalfa,AN,closed,97,0,2,48.5,0,a,n,48.5
Turnera sidioides,A-alfalfa,AN,closed,138,3,2,69,1.5,a,n,70.5
Turnera sidioides,A-alfalfa,AN,closed,3,0,2,1.5,0,a,n,1.5
Turnera sidioides,A-alfalfa,AN,open,227,372,2,113.5,186,a,n,299.5
Turnera sidioides,A-alfalfa,AN,open,383,484,2,191.5,242,a,n,433.5
Turnera sidioides,A-alfalfa,AN,open,282,75,2,141,37.5,a,n,178.5
Turnera sidioides,A-alfalfa,AN,open,240,361,2,120,180.5,a,n,300.5
Turnera sidioides,A-alfalfa,AN,open,332,215,2,166,107.5,a,n,273.5
Turnera sidioides,A-alfalfa,AN,open,314,266,2,157,133,a,n,290
Turnera sidioides,A-alfalfa,AN,open,442,803,2,221,401.5,a,n,622.5
Turnera sidioides,A-alfalfa,AN,open,322,330,2,161,165,a,n,326
Turnera sidioides,A-alfalfa,AN,open,310,509,2,155,254.5,a,n,409.5
Turnera sidioides,A-alfalfa,AN,open,678,360,2,339,180,a,n,519
Turnera sidioides,A-alfalfa,AN,open,439,414,2,219.5,207,a,n,426.5
Turnera sidioides,A-alfalfa,AN,open,463,337,2,231.5,168.5,a,n,400
Turnera sidioides,A-pastura,AN,closed,1,2,1,1,2,a,n,3
Turnera sidioides,A-pastura,AN,closed,0,1,1,0,1,a,n,1
Turnera sidioides,A-pastura,AN,closed,0,0,1,0,0,a,n,0
Turnera sidioides,A-pastura,AN,open,4,65,1,4,65,a,n,69
Turnera sidioides,A-pastura,AN,open,4,28,1,4,28,a,n,32
Turnera sidioides,A-pastura,AN,open,3,53,1,3,53,a,n,56
Descurania argentina,A-pastura,AN,closed,146,0,2,73,0,a,n,73
Descurania argentina,A-pastura,AN,closed,217,1,2,108.5,0.5,a,n,109
Descurania argentina,A-pastura,AN,closed,208,0,2,104,0,a,n,104
Descurania argentina,A-pastura,AN,closed,211,2,2,105.5,1,a,n,106.5
Descurania argentina,A-pastura,AN,closed,202,0,2,101,0,a,n,101
Descurania argentina,A-pastura,AN,closed,78,0,2,39,0,a,n,39
Descurania argentina,A-pastura,AN,closed,102,1,1,102,1,a,n,103
Descurania argentina,A-pastura,AN,open,209,9,2,104.5,4.5,a,n,109
Descurania argentina,A-pastura,AN,open,296,9,2,148,4.5,a,n,152.5
Descurania argentina,A-pastura,AN,open,243,7,2,121.5,3.5,a,n,125
Descurania argentina,A-pastura,AN,open,203,5,2,101.5,2.5,a,n,104
Descurania argentina,A-pastura,AN,open,304,13,2,152,6.5,a,n,158.5
Descurania argentina,A-pastura,AN,open,246,2,2,123,1,a,n,124
Descurania argentina,A-pastura,AN,open,153,0,2,76.5,0,a,n,76.5
Descurania argentina,A-pastura,AN,open,213,2,2,106.5,1,a,n,107.5
Descurania argentina,A-pastura,AN,open,357,3,2,178.5,1.5,a,n,180
Descurania argentina,A-pastura,AN,open,190,6,2,95,3,a,n,98
Descurania argentina,A-pastura,AN,open,303,8,2,151.5,4,a,n,155.5
Descurania argentina,A-pastura,AN,open,81,0,2,40.5,0,a,n,40.5
Sisyrinchium platense,Cl,LC,closed,451,0,2,225.5,0,r,n,225.5
Sisyrinchium platense,Cl,LC,closed,322,1,2,161,0.5,r,n,161.5
Sisyrinchium platense,Cl,LC,open,197,0,2,98.5,0,r,n,98.5
Sisyrinchium platense,Cl,LC,open,20,0,1,20,0,r,n,20
Sisyrinchium platense,1agr,LC,open,378,2,2,189,1,a,n,190
Sisyrinchium platense,1agr,LC,open,608,0,2,304,0,a,n,304
Sisyrinchium platense,1agr,LC,open,134,2,2,67,1,a,n,68
Sisyrinchium platense,1agr,LC,open,333,3,2,166.5,1.5,a,n,168
Sisyrinchium platense,1agr,LC,open,278,1,2,139,0.5,a,n,139.5
Sisyrinchium platense,1agr,LC,open,171,3,2,85.5,1.5,a,n,87
Sisyrinchium platense,1agr,LC,closed,163,2,2,81.5,1,a,n,82.5
Sisyrinchium platense,1agr,LC,closed,69,2,2,34.5,1,a,n,35.5
Sisyrinchium platense,1agr,LC,closed,251,1,1,251,1,a,n,252
Sisyrinchium platense,1agr,LC,closed,13,1,2,6.5,0.5,a,n,7
Sisyrinchium platense,1agr,LC,closed,223,0,2,111.5,0,a,n,111.5
Sisyrinchium platense,1agr,LC,closed,283,1,2,141.5,0.5,a,n,142
Sisyrinchium platense,2agr,LC,open,162,1,2,81,0.5,a,n,81.5
Sisyrinchium platense,2agr,LC,open,231,2,2,115.5,1,a,n,116.5
Sisyrinchium platense,2agr,LC,open,145,3,2,72.5,1.5,a,n,74
Sisyrinchium platense,2agr,LC,open,176,0,2,88,0,a,n,88
Sisyrinchium platense,2agr,LC,open,228,2,2,114,1,a,n,115
Sisyrinchium platense,2agr,LC,open,24,2,2,12,1,a,n,13
Nierembergia aristata,C-pastura,AN,open,2129,21,2,1064.5,10.5,r,n,1075
Nierembergia aristata,C-pastura,AN,open,3641,4,2,1820.5,2,r,n,1822.5
Nierembergia aristata,C-pastura,AN,open,1692,18,2,846,9,r,n,855
Nierembergia aristata,C-pastura,AN,closed,80,1,1,80,1,r,n,81
Nierembergia aristata,C-pastura,AN,closed,68,0,1,68,0,r,n,68
Nierembergia aristata,C-pastura,AN,closed,65,3,1,65,3,r,n,68
Turnera sidioides,C-pastura,AN,closed,0,3,1,0,3,r,n,3
Turnera sidioides,C-pastura,AN,closed,1,0,1,1,0,r,n,1
Turnera sidioides,C-pastura,AN,closed,0,0,1,0,0,r,n,0
Turnera sidioides,C-pastura,AN,open,170,265,2,85,132.5,r,n,217.5
Turnera sidioides,C-pastura,AN,open,437,377,2,218.5,188.5,r,n,407
Turnera sidioides,C-pastura,AN,open,896,276,2,448,138,r,n,586
Turnera sidioides,C-pastura,AN,open,105,455,2,52.5,227.5,r,n,280
Turnera sidioides,C-pastura,AN,open,302,426,2,151,213,r,n,364
Turnera sidioides,C-pastura,AN,open,355,698,2,177.5,349,r,n,526.5
Gaillardia megapotamica,C-pastura,AN,closed,1300,35,2,650,17.5,r,n,667.5
Gaillardia megapotamica,C-pastura,AN,closed,220,1,2,110,0.5,r,n,110.5
Gaillardia megapotamica,C-pastura,AN,open,490,102,2,245,51,r,n,296
Gaillardia megapotamica,C-pastura,AN,open,441,97,2,220.5,48.5,r,n,269
Gaillardia megapotamica,C-pastura,AN,open,454,120,2,227,60,r,n,287
Gaillardia megapotamica,C-pastura,AN,open,419,44,2,209.5,22,r,n,231.5
Gaillardia megapotamica,C-pastura,AN,open,218,26,2,109,13,r,n,122
Gaillardia megapotamica,C-pastura,AN,open,223,115,2,111.5,57.5,r,n,169
Gaillardia megapotamica,C-pastura,AN,open,386,29,2,193,14.5,r,n,207.5
Gaillardia megapotamica,C-pastura,AN,open,581,121,2,290.5,60.5,r,n,351
Gaillardia megapotamica,C-pastura,AN,open,194,56,2,97,28,r,n,125
Gaillardia megapotamica,C-pastura,AN,open,168,133,2,84,66.5,r,n,150.5
Gaillardia megapotamica,C-pastura,AN,open,364,139,2,182,69.5,r,n,251.5
Gaillardia megapotamica,C-pastura,AN,open,168,14,1,168,14,r,n,182
Gaillardia megapotamica,C-pastura,AN,closed,1091,8,2,545.5,4,r,n,549.5
Gaillardia megapotamica,C-pastura,AN,closed,968,15,2,484,7.5,r,n,491.5
Gaillardia megapotamica,C-pastura,AN,closed,1577,30,2,788.5,15,r,n,803.5
Gaillardia megapotamica,C-pastura,AN,closed,1863,20,2,931.5,10,r,n,941.5
Gaillardia megapotamica,C-pastura,AN,closed,1108,12,2,554,6,r,n,560
Gaillardia megapotamica,C-pastura,AN,closed,1706,10,2,853,5,r,n,858
Gaillardia megapotamica,C-pastura,AN,closed,1223,3,2,611.5,1.5,r,n,613
Gaillardia megapotamica,C-pastura,AN,closed,1174,2,2,587,1,r,n,588
Gaillardia megapotamica,C-pastura,AN,closed,762,4,2,381,2,r,n,383
Condalia microphylla,C-alfalfa,AN,closed,74,2,2,37,1,r,n,38
Condalia microphylla,C-alfalfa,AN,closed,54,0,2,27,0,r,n,27
Condalia microphylla,C-alfalfa,AN,closed,88,1,2,44,0.5,r,n,44.5
Condalia microphylla,C-alfalfa,AN,closed,78,0,2,39,0,r,n,39
Condalia microphylla,C-alfalfa,AN,closed,88,0,2,44,0,r,n,44
Condalia microphylla,C-alfalfa,AN,open,85,0,3,28.33333333,0,r,n,28.33333333
Condalia microphylla,C-alfalfa,AN,open,65,6,2,32.5,3,r,n,35.5
Condalia microphylla,C-alfalfa,AN,open,91,1,2,45.5,0.5,r,n,46
Condalia microphylla,C-alfalfa,AN,open,162,2,2,81,1,r,n,82
Condalia microphylla,C-alfalfa,AN,open,6,0,1,6,0,r,n,6
Condalia microphylla,C-alfalfa,AN,open,18,0,2,9,0,r,n,9
Condalia microphylla,C-alfalfa,AN,open,56,1,2,28,0.5,r,n,28.5
Condalia microphylla,C-alfalfa,AN,open,96,2,3,32,0.666666667,r,n,32.66666667
Condalia microphylla,C-alfalfa,AN,open,83,2,3,27.66666667,0.666666667,r,n,28.33333333
Condalia microphylla,C-alfalfa,AN,open,99,0,2,49.5,0,r,n,49.5
Nierembergia aristata,C-alfalfa,AN,closed,296,3,1,296,3,r,n,299
Nierembergia aristata,C-alfalfa,AN,closed,88,0,1,88,0,r,n,88
Nierembergia aristata,C-alfalfa,AN,closed,152,1,1,152,1,r,n,153
Nierembergia aristata,C-alfalfa,AN,open,1996,19,2,998,9.5,r,n,1007.5
Nierembergia aristata,C-alfalfa,AN,open,2968,1,2,1484,0.5,r,n,1484.5
Nierembergia aristata,C-alfalfa,AN,open,396,1,1,396,1,r,n,397
Sphaeralcea crispa,C-alfalfa,AN,closed,28,3,11,2.545454545,0.272727273,r,n,2.818181818
Sphaeralcea crispa,C-alfalfa,AN,closed,18,16,11,1.636363636,1.454545455,r,n,3.090909091
Sphaeralcea crispa,C-alfalfa,AN,closed,10,4,4,2.5,1,r,n,3.5
Sphaeralcea crispa,C-alfalfa,AN,open,29,4,6,4.833333333,0.666666667,r,n,5.5
Sphaeralcea crispa,C-alfalfa,AN,open,82,1,10,8.2,0.1,r,n,8.3
Sphaeralcea crispa,C-alfalfa,AN,open,205,5,9,22.77777778,0.555555556,r,n,23.33333333
Sphaeralcea crispa,C-alfalfa,AN,open,153,3,18,8.5,0.166666667,r,n,8.666666667
Sphaeralcea crispa,C-alfalfa,AN,open,83,10,19,4.368421053,0.526315789,r,n,4.894736842
Hirschfeldia incana,A-v’as,SC,closed,404,2,2,202,1,a,e,203
Hirschfeldia incana,A-v’as,SC,closed,905,2,2,452.5,1,a,e,453.5
Hirschfeldia incana,A-v’as,SC,closed,421,0,2,210.5,0,a,e,210.5
Hirschfeldia incana,A-v’as,SC,closed,538,3,2,269,1.5,a,e,270.5
Hirschfeldia incana,A-v’as,SC,closed,750,0,2,375,0,a,e,375
Hirschfeldia incana,A-v’as,SC,closed,1372,0,2,686,0,a,e,686
Hirschfeldia incana,A-v’as,SC,closed,690,1,2,345,0.5,a,e,345.5
Hirschfeldia incana,A-v’as,SC,closed,1268,0,2,634,0,a,e,634
Hirschfeldia incana,A-v’as,SC,closed,695,2,2,347.5,1,a,e,348.5
Hirschfeldia incana,A-v’as,SC,closed,179,3,1,179,3,a,e,182
Hirschfeldia incana,A-v’as,SC,closed,386,1,2,193,0.5,a,e,193.5
Hirschfeldia incana,A-v’as,SC,closed,1686,2,2,843,1,a,e,844
Hirschfeldia incana,A-leon,SC,closed,539,1,2,269.5,0.5,a,e,270
Hirschfeldia incana,A-leon,SC,closed,901,1,2,450.5,0.5,a,e,451
Hirschfeldia incana,A-leon,SC,closed,1220,1,2,610,0.5,a,e,610.5
Hirschfeldia incana,A-leon,SC,open,921,4,2,460.5,2,a,e,462.5
Hirschfeldia incana,A-leon,SC,open,430,6,2,215,3,a,e,218
Hirschfeldia incana,A-leon,SC,open,593,0,2,296.5,0,a,e,296.5
Oxalis violeta,C-v’as,SC,closed,4080,1,9,453.3333333,0.111111111,r,n,453.4444444
Oxalis violeta,C-v’as,SC,closed,849,3,4,212.25,0.75,r,n,213
Oxalis violeta,C-v’as,SC,closed,1013,2,3,337.6666667,0.666666667,r,n,338.3333333
Diplotaxis tenuifolia,C-v’as,SC,closed,682,5,2,341,2.5,r,e,343.5
Diplotaxis tenuifolia,C-v’as,SC,closed,636,3,2,318,1.5,r,e,319.5
Diplotaxis tenuifolia,C-v’as,SC,closed,205,6,2,102.5,3,r,e,105.5
Diplotaxis tenuifolia,C-v’as,SC,closed,627,109,2,313.5,54.5,r,e,368
Diplotaxis tenuifolia,C-v’as,SC,closed,855,2,2,427.5,1,r,e,428.5
Diplotaxis tenuifolia,C-v’as,SC,open,653,20,2,326.5,10,r,e,336.5
Diplotaxis tenuifolia,C-v’as,SC,open,736,73,2,368,36.5,r,e,404.5
Diplotaxis tenuifolia,C-v’as,SC,open,72,37,1,72,37,r,e,109
Diplotaxis tenuifolia,C-v’as,SC,open,941,240,2,470.5,120,r,e,590.5
Diplotaxis tenuifolia,C-v’as,SC,open,493,212,2,246.5,106,r,e,352.5
Hirschfeldia incana,A-leon,SC,closed,5,0,2,2.5,0,a,e,2.5
Hirschfeldia incana,A-leon,SC,closed,105,0,2,52.5,0,a,e,52.5
Hirschfeldia incana,A-leon,SC,closed,316,4,2,158,2,a,e,160
Hirschfeldia incana,A-leon,SC,closed,1221,2,2,610.5,1,a,e,611.5
Hirschfeldia incana,A-leon,SC,closed,911,2,2,455.5,1,a,e,456.5
Hirschfeldia incana,A-leon,SC,closed,441,2,2,220.5,1,a,e,221.5
Hirschfeldia incana,A-leon,SC,closed,92,0,2,46,0,a,e,46
Hirschfeldia incana,A-leon,SC,closed,378,0,1,378,0,a,e,378
Hirschfeldia incana,A-leon,SC,open,656,14,2,328,7,a,e,335
Hirschfeldia incana,A-leon,SC,open,520,6,2,260,3,a,e,263
Hirschfeldia incana,A-leon,SC,open,1101,1,3,367,0.333333333,a,e,367.3333333
Hirschfeldia incana,A-leon,SC,open,708,1,2,354,0.5,a,e,354.5
Hirschfeldia incana,A-leon,SC,open,695,2,2,347.5,1,a,e,348.5
Hirschfeldia incana,A-leon,SC,open,240,0,1,240,0,a,e,240
Hirschfeldia incana,A-leon,SC,open,385,0,2,192.5,0,a,e,192.5
Hirschfeldia incana,A-leon,SC,open,551,7,2,275.5,3.5,a,e,279
Hirschfeldia incana,A-leon,SC,open,430,0,2,215,0,a,e,215
Hirschfeldia incana,A-leon,SC,open,165,0,2,82.5,0,a,e,82.5
Hirschfeldia incana,A-leon,SC,open,266,1,2,133,0.5,a,e,133.5
Hirschfeldia incana,A-leon,SC,open,430,1,2,215,0.5,a,e,215.5
Hirschfeldia incana,C-v’as,SC,closed,759,0,2,379.5,0,r,e,379.5
Hirschfeldia incana,C-v’as,SC,closed,806,0,2,403,0,r,e,403
Hirschfeldia incana,C-v’as,SC,closed,1337,1,2,668.5,0.5,r,e,669
Hirschfeldia incana,C-v’as,SC,closed,499,3,2,249.5,1.5,r,e,251
Hirschfeldia incana,C-v’as,SC,closed,137,0,2,68.5,0,r,e,68.5
Hirschfeldia incana,C-v’as,SC,closed,200,0,1,200,0,r,e,200
Hirschfeldia incana,C-v’as,SC,closed,1366,0,2,683,0,r,e,683
Hirschfeldia incana,C-v’as,SC,closed,1763,0,2,881.5,0,r,e,881.5
Hirschfeldia incana,C-v’as,SC,closed,620,0,2,310,0,r,e,310
Hirschfeldia incana,C-v’as,SC,closed,1085,1,2,542.5,0.5,r,e,543
Hirschfeldia incana,C-v’as,SC,closed,1092,0,2,546,0,r,e,546
Hirschfeldia incana,C-v’as,SC,closed,1015,2,2,507.5,1,r,e,508.5
Hirschfeldia incana,C-v’as,SC,closed,248,0,2,124,0,r,e,124
Hirschfeldia incana,C-v’as,SC,closed,705,2,2,352.5,1,r,e,353.5
Hirschfeldia incana,C-v’as,SC,closed,817,1,2,408.5,0.5,r,e,409
Hirschfeldia incana,C-v’as,SC,open,1372,3,2,686,1.5,r,e,687.5
Hirschfeldia incana,C-v’as,SC,open,903,3,2,451.5,1.5,r,e,453
Hirschfeldia incana,C-v’as,SC,open,1047,3,2,523.5,1.5,r,e,525
Hirschfeldia incana,C-v’as,SC,open,1430,7,2,715,3.5,r,e,718.5
Hirschfeldia incana,C-v’as,SC,open,1045,1,2,522.5,0.5,r,e,523
Hirschfeldia incana,C-v’as,SC,open,1479,2,2,739.5,1,r,e,740.5
Hirschfeldia incana,C-v’as,SC,open,856,8,2,428,4,r,e,432
Hirschfeldia incana,C-v’as,SC,open,2162,2,2,1081,1,r,e,1082
Hirschfeldia incana,C-v’as,SC,open,1246,13,2,623,6.5,r,e,629.5
Hirschfeldia incana,C-v’as,SC,open,1115,7,2,557.5,3.5,r,e,561
Hirschfeldia incana,C-v’as,SC,open,916,1,2,458,0.5,r,e,458.5
Diplotaxis tenuifolia,C-v’as,SC,closed,1347,0,2,673.5,0,r,e,673.5
Diplotaxis tenuifolia,C-v’as,SC,closed,2597,0,2,1298.5,0,r,e,1298.5
Diplotaxis tenuifolia,C-v’as,SC,closed,2266,0,2,1133,0,r,e,1133
Diplotaxis tenuifolia,C-v’as,SC,closed,1354,1,2,677,0.5,r,e,677.5
Diplotaxis tenuifolia,C-v’as,SC,closed,2451,2,2,1225.5,1,r,e,1226.5
Diplotaxis tenuifolia,C-v’as,SC,closed,722,0,2,361,0,r,e,361
Diplotaxis tenuifolia,C-v’as,SC,open,3387,2,2,1693.5,1,r,e,1694.5
Diplotaxis tenuifolia,C-v’as,SC,open,2483,8,2,1241.5,4,r,e,1245.5
Diplotaxis tenuifolia,C-v’as,SC,open,3660,60,2,1830,30,r,e,1860
Diplotaxis tenuifolia,C-v’as,SC,open,3082,13,2,1541,6.5,r,e,1547.5
Diplotaxis tenuifolia,C-v’as,SC,open,3945,84,2,1972.5,42,r,e,2014.5
Diplotaxis tenuifolia,C-v’as,SC,open,118,12,1,118,12,r,e,130
Diplotaxis tenuifolia,C-v’as,SC,open,2892,1,2,1446,0.5,r,e,1446.5
Diplotaxis tenuifolia,C-v’as,SC,open,681,3,1,681,3,r,e,684
Hirschfeldia incana,C-v’as,SC,closed,213,0,2,106.5,0,r,e,106.5
Hirschfeldia incana,C-v’as,SC,closed,123,0,1,123,0,r,e,123
Hirschfeldia incana,C-v’as,SC,closed,525,1,2,262.5,0.5,r,e,263
Hirschfeldia incana,C-v’as,SC,closed,291,1,2,145.5,0.5,r,e,146
Hirschfeldia incana,C-v’as,SC,closed,322,1,2,161,0.5,r,e,161.5
Hirschfeldia incana,C-v’as,SC,closed,89,0,1,89,0,r,e,89
Hirschfeldia incana,C-v’as,SC,closed,456,2,2,228,1,r,e,229
Hirschfeldia incana,C-v’as,SC,closed,171,2,2,85.5,1,r,e,86.5
Hirschfeldia incana,C-v’as,SC,open,744,1,2,372,0.5,r,e,372.5
Hirschfeldia incana,C-v’as,SC,open,510,3,2,255,1.5,r,e,256.5
Hirschfeldia incana,C-v’as,SC,open,578,1,2,289,0.5,r,e,289.5
Hirschfeldia incana,C-v’as,SC,open,1107,1,2,553.5,0.5,r,e,554
Hirschfeldia incana,C-v’as,SC,open,1330,3,2,665,1.5,r,e,666.5
Hirschfeldia incana,C-v’as,SC,open,587,1,2,293.5,0.5,r,e,294
Hirschfeldia incana,C-v’as,SC,open,1479,1,2,739.5,0.5,r,e,740
Hirschfeldia incana,C-v’as,SC,open,464,2,2,232,1,r,e,233
Hirschfeldia incana,C-v’as,SC,open,1529,3,2,764.5,1.5,r,e,766
Carduus acanthoides,C-v’as,SC,closed,7,0,2,3.5,0,r,e,3.5
Carduus acanthoides,C-v’as,SC,closed,12,2,2,6,1,r,e,7
Carduus acanthoides,C-v’as,SC,closed,18,0,2,9,0,r,e,9
Carduus acanthoides,C-v’as,SC,closed,30,2,2,15,1,r,e,16
Carduus acanthoides,C-v’as,SC,closed,34,1,2,17,0.5,r,e,17.5
Carduus acanthoides,C-v’as,SC,closed,12,1,2,6,0.5,r,e,6.5
Carduus acanthoides,C-v’as,SC,closed,21,3,2,10.5,1.5,r,e,12
Carduus acanthoides,C-v’as,SC,open,41,1,2,20.5,0.5,r,e,21
Carduus acanthoides,C-v’as,SC,open,50,5,2,25,2.5,r,e,27.5
Carduus acanthoides,C-v’as,SC,open,15,3,2,7.5,1.5,r,e,9
Carduus acanthoides,C-v’as,SC,open,54,1,2,27,0.5,r,e,27.5
Carduus acanthoides,C-v’as,SC,open,37,1,2,18.5,0.5,r,e,19
Carduus acanthoides,C-v’as,SC,open,7,4,2,3.5,2,r,e,5.5
Carduus acanthoides,C-v’as,SC,open,1,0,2,0.5,0,r,e,0.5
Carduus acanthoides,C-v’as,SC,open,24,0,1,24,0,r,e,24
Verbena intermedia,C-v’as,SC,closed,39,2,3,13,0.666666667,r,n,13.66666667
Verbena intermedia,C-v’as,SC,closed,565,1,3,188.3333333,0.333333333,r,n,188.6666667
Verbena intermedia,C-v’as,SC,closed,238,1,2,119,0.5,r,n,119.5
Verbena intermedia,C-v’as,SC,open,878,0,2,439,0,r,n,439
Verbena intermedia,C-v’as,SC,open,375,1,2,187.5,0.5,r,n,188
Verbena intermedia,C-v’as,SC,open,836,0,2,418,0,r,n,418
Verbena intermedia,C-v’as,SC,open,752,0,2,376,0,r,n,376
Verbena intermedia,C-v’as,SC,open,726,1,2,363,0.5,r,n,363.5
Verbena intermedia,C-v’as,SC,open,730,1,2,365,0.5,r,n,365.5
Cirsium vulgare,A-pastura,AN,closed,659,1,2,329.5,0.5,a,e,330
Cirsium vulgare,A-pastura,AN,closed,576,1,2,288,0.5,a,e,288.5
Cirsium vulgare,A-pastura,AN,closed,475,1,2,237.5,0.5,a,e,238
Cirsium vulgare,A-pastura,AN,closed,327,1,2,163.5,0.5,a,e,164
Cirsium vulgare,A-pastura,AN,closed,374,1,2,187,0.5,a,e,187.5
Cirsium vulgare,A-pastura,AN,closed,121,0,2,60.5,0,a,e,60.5
Cirsium vulgare,A-pastura,AN,open,264,34,2,132,17,a,e,149
Cirsium vulgare,A-pastura,AN,open,171,13,2,85.5,6.5,a,e,92
Cirsium vulgare,A-pastura,AN,open,1081,2,2,540.5,1,a,e,541.5
Cirsium vulgare,A-pastura,AN,open,284,3,2,142,1.5,a,e,143.5
Cirsium vulgare,A-pastura,AN,open,417,10,2,208.5,5,a,e,213.5
Dipsacus sp.,C-v’as,SC,closed,4,4,2,2,2,r,e,4
Dipsacus sp.,C-v’as,SC,closed,7,1,2,3.5,0.5,r,e,4
Dipsacus sp.,C-v’as,SC,closed,3,1,2,1.5,0.5,r,e,2
Dipsacus sp.,C-v’as,SC,closed,17,1,2,8.5,0.5,r,e,9
Dipsacus sp.,C-v’as,SC,closed,7,0,2,3.5,0,r,e,3.5
Dipsacus sp.,C-v’as,SC,closed,8,4,2,4,2,r,e,6
Dipsacus sp.,C-v’as,SC,open,54,1,2,27,0.5,r,e,27.5
Dipsacus sp.,C-v’as,SC,open,17,0,2,8.5,0,r,e,8.5
Dipsacus sp.,C-v’as,SC,open,39,1,2,19.5,0.5,r,e,20
Dipsacus sp.,C-v’as,SC,open,12,3,2,6,1.5,r,e,7.5
Dipsacus sp.,C-v’as,SC,open,19,0,2,9.5,0,r,e,9.5
Thelesperma sp.,A-alfalfa,AN,closed,1088,7,3,362.6666667,2.333333333,a,n,365
Thelesperma sp.,A-alfalfa,AN,closed,954,4,3,318,1.333333333,a,n,319.3333333
Thelesperma sp.,A-alfalfa,AN,closed,787,9,3,262.3333333,3,a,n,265.3333333
Thelesperma sp.,A-alfalfa,AN,open,1115,28,4,278.75,7,a,n,285.75
Thelesperma sp.,A-alfalfa,AN,open,717,45,3,239,15,a,n,254
Thelesperma sp.,A-alfalfa,AN,open,1438,37,3,479.3333333,12.33333333,a,n,491.6666667
Glandularia sp.,C-pastura,AN,closed,516,0,3,172,0,r,n,172
Glandularia sp.,C-pastura,AN,closed,547,1,3,182.3333333,0.333333333,r,n,182.6666667
Glandularia sp.,C-pastura,AN,closed,416,0,2,208,0,r,n,208
Glandularia sp.,C-pastura,AN,open,409,0,2,204.5,0,r,n,204.5
Glandularia sp.,C-pastura,AN,open,174,1,2,87,0.5,r,n,87.5
Glandularia sp.,C-pastura,AN,open,220,0,2,110,0,r,n,110
Glandularia sp.,C-pastura,AN,open,186,0,2,93,0,r,n,93
Glandularia sp.,C-pastura,AN,open,220,0,1,220,0,r,n,220
Glandularia sp.,C-pastura,AN,open,235,3,2,117.5,1.5,r,n,119
Prosopidastrum globosum,C-pastura,AN,closed,25,2,2,12.5,1,r,n,13.5
Prosopidastrum globosum,C-pastura,AN,closed,25,16,2,12.5,8,r,n,20.5
Prosopidastrum globosum,C-pastura,AN,closed,33,0,2,16.5,0,r,n,16.5
Prosopidastrum globosum,C-pastura,AN,closed,4,1,2,2,0.5,r,n,2.5
Prosopidastrum globosum,C-pastura,AN,closed,0,2,1,0,2,r,n,2
Prosopidastrum globosum,C-pastura,AN,open,5,1,2,2.5,0.5,r,n,3
Prosopidastrum globosum,C-pastura,AN,open,51,1,2,25.5,0.5,r,n,26
Prosopidastrum globosum,C-pastura,AN,open,54,1,2,27,0.5,r,n,27.5
Prosopidastrum globosum,C-pastura,AN,open,14,1,2,7,0.5,r,n,7.5
Prosopidastrum globosum,C-pastura,AN,open,30,12,2,15,6,r,n,21
Prosopidastrum globosum,C-pastura,AN,open,7,3,2,3.5,1.5,r,n,5
Nierembergia aristata,C-pastura,AN,open,1580,2,2,790,1,r,n,791
Nierembergia aristata,C-pastura,AN,open,2124,2,2,1062,1,r,n,1063
Nierembergia aristata,C-pastura,AN,open,1484,3,2,742,1.5,r,n,743.5
Verbena intermedia,C-pastura,AN,closed,301,1,3,100.3333333,0.333333333,r,n,100.6666667
Verbena intermedia,C-pastura,AN,closed,251,1,3,83.66666667,0.333333333,r,n,84
Verbena intermedia,C-pastura,AN,closed,48,1,3,16,0.333333333,r,n,16.33333333
Verbena intermedia,C-pastura,AN,open,193,0,2,96.5,0,r,n,96.5
Verbena intermedia,C-pastura,AN,open,614,1,2,307,0.5,r,n,307.5
Verbena intermedia,C-pastura,AN,open,254,0,2,127,0,r,n,127
Verbena intermedia,C-pastura,AN,open,178,1,2,89,0.5,r,n,89.5
Verbena intermedia,C-pastura,AN,open,125,1,2,62.5,0.5,r,n,63
Verbena intermedia,C-pastura,AN,open,261,2,3,87,0.666666667,r,n,87.66666667
Cirsium vulgare,Cl,LC,closed,631,24,2,315.5,12,r,e,327.5
Cirsium vulgare,Cl,LC,closed,330,2,2,165,1,r,e,166
Cirsium vulgare,Cl,LC,closed,730,6,2,365,3,r,e,368
Cirsium vulgare,Cl,LC,closed,652,5,2,326,2.5,r,e,328.5
Cirsium vulgare,Cl,LC,closed,499,4,2,249.5,2,r,e,251.5
Cirsium vulgare,Cl,LC,open,514,3,2,257,1.5,r,e,258.5
Cirsium vulgare,Cl,LC,open,398,1,2,199,0.5,r,e,199.5
Cirsium vulgare,Cl,LC,open,484,4,2,242,2,r,e,244
Cirsium vulgare,Cl,LC,open,568,39,2,284,19.5,r,e,303.5
Cirsium vulgare,Cl,LC,open,1515,8,2,757.5,4,r,e,761.5
Cirsium vulgare,Cl,LC,open,686,9,3,228.6666667,3,r,e,231.6666667
Hirschfeldia incana,C-leon,SC,closed,450,3,2,225,1.5,r,e,226.5
Hirschfeldia incana,C-leon,SC,closed,909,2,2,454.5,1,r,e,455.5
Hirschfeldia incana,C-leon,SC,closed,612,0,2,306,0,r,e,306
Hirschfeldia incana,C-leon,SC,closed,1164,0,2,582,0,r,e,582
Hirschfeldia incana,C-leon,SC,closed,1726,0,2,863,0,r,e,863
Hirschfeldia incana,C-leon,SC,closed,649,2,2,324.5,1,r,e,325.5
Hirschfeldia incana,C-leon,SC,closed,712,0,2,356,0,r,e,356
Hirschfeldia incana,C-leon,SC,closed,779,1,2,389.5,0.5,r,e,390
Hirschfeldia incana,C-leon,SC,open,644,2,2,322,1,r,e,323
Hirschfeldia incana,C-leon,SC,open,876,1,2,438,0.5,r,e,438.5
Hirschfeldia incana,C-leon,SC,open,1404,9,2,702,4.5,r,e,706.5
Hirschfeldia incana,C-leon,SC,open,1312,4,2,656,2,r,e,658
Hirschfeldia incana,C-leon,SC,open,1461,5,2,730.5,2.5,r,e,733
Hirschfeldia incana,C-leon,SC,open,801,0,2,400.5,0,r,e,400.5
Hirschfeldia incana,A-alfalfa,AN,closed,566,0,2,283,0,a,e,283
Hirschfeldia incana,A-alfalfa,AN,closed,646,1,2,323,0.5,a,e,323.5
Hirschfeldia incana,A-alfalfa,AN,closed,841,1,3,280.3333333,0.333333333,a,e,280.6666667
Hirschfeldia incana,A-alfalfa,AN,closed,1450,0,2,725,0,a,e,725
Hirschfeldia incana,A-alfalfa,AN,closed,542,2,2,271,1,a,e,272
Hirschfeldia incana,A-alfalfa,AN,closed,708,5,2,354,2.5,a,e,356.5
Hirschfeldia incana,A-alfalfa,AN,open,735,20,2,367.5,10,a,e,377.5
Hirschfeldia incana,A-alfalfa,AN,open,584,1,2,292,0.5,a,e,292.5
Hirschfeldia incana,A-alfalfa,AN,open,779,8,2,389.5,4,a,e,393.5
Hirschfeldia incana,A-alfalfa,AN,open,896,3,2,448,1.5,a,e,449.5
Hirschfeldia incana,A-alfalfa,AN,open,739,24,2,369.5,12,a,e,381.5
Hirschfeldia incana,A-alfalfa,AN,open,452,2,2,226,1,a,e,227
Baccharis sp.,C-leon,SC,closed,0,0,2,0,0,r,n,0
Baccharis sp.,C-leon,SC,closed,0,2,2,0,1,r,n,1
Baccharis sp.,C-leon,SC,closed,0,0,2,0,0,r,n,0
Baccharis sp.,C-leon,SC,closed,0,1,2,0,0.5,r,n,0.5
Baccharis sp.,C-leon,SC,closed,0,1,2,0,0.5,r,n,0.5
Baccharis sp.,C-leon,SC,closed,0,1,2,0,0.5,r,n,0.5
Baccharis sp.,C-leon,SC,open,6,1,2,3,0.5,r,n,3.5
Baccharis sp.,C-leon,SC,open,1,0,2,0.5,0,r,n,0.5
Baccharis sp.,C-leon,SC,open,2,5,2,1,2.5,r,n,3.5
Baccharis sp.,C-leon,SC,open,0,0,2,0,0,r,n,0
Baccharis sp.,C-leon,SC,open,0,3,2,0,1.5,r,n,1.5
Baccharis sp.,C-leon,SC,open,1,1,1,1,1,r,n,2
Carduus acanthoides,C-leon,SC,closed,44,3,2,22,1.5,r,e,23.5
Carduus acanthoides,C-leon,SC,closed,26,0,2,13,0,r,e,13
Carduus acanthoides,C-leon,SC,closed,16,0,2,8,0,r,e,8
Carduus acanthoides,C-leon,SC,closed,23,1,2,11.5,0.5,r,e,12
Carduus acanthoides,C-leon,SC,closed,42,0,3,14,0,r,e,14
Carduus acanthoides,C-leon,SC,closed,11,1,2,5.5,0.5,r,e,6
Carduus acanthoides,C-leon,SC,open,20,2,2,10,1,r,e,11
Carduus acanthoides,C-leon,SC,open,18,0,2,9,0,r,e,9
Carduus acanthoides,C-leon,SC,open,8,2,2,4,1,r,e,5
Carduus acanthoides,C-leon,SC,open,42,2,2,21,1,r,e,22
Carduus acanthoides,C-leon,SC,open,26,2,2,13,1,r,e,14
Carduus acanthoides,C-leon,SC,open,11,1,2,5.5,0.5,r,e,6
Carduus acanthoides,C-leon,SC,open,14,1,2,7,0.5,r,e,7.5
Carduus acanthoides,C-leon,SC,open,28,0,2,14,0,r,e,14
Carduus acanthoides,C-leon,SC,open,7,0,1,7,0,r,e,7
Stemodia lanceolata,1agr,LC,closed,33,3,2,16.5,1.5,a,n,18
Stemodia lanceolata,1agr,LC,closed,255,1,2,127.5,0.5,a,n,128
Stemodia lanceolata,1agr,LC,closed,723,6,2,361.5,3,a,n,364.5
Stemodia lanceolata,1agr,LC,closed,1208,5,2,604,2.5,a,n,606.5
Stemodia lanceolata,1agr,LC,closed,1263,1,1,1263,1,a,n,1264
Stemodia lanceolata,1agr,LC,open,2662,134,2,1331,67,a,n,1398
Stemodia lanceolata,1agr,LC,open,6583,15,2,3291.5,7.5,a,n,3299
Stemodia lanceolata,1agr,LC,open,3942,69,2,1971,34.5,a,n,2005.5
Stemodia lanceolata,1agr,LC,open,2777,39,2,1388.5,19.5,a,n,1408
Stemodia lanceolata,1agr,LC,open,1312,230,1,1312,230,a,n,1542
Senecio pulcher,1agr,LC,closed,787,2,2,393.5,1,a,n,394.5
Senecio pulcher,1agr,LC,closed,898,4,3,299.3333333,1.333333333,a,n,300.6666667
Senecio pulcher,1agr,LC,closed,462,1,1,462,1,a,n,463
Senecio pulcher,1agr,LC,open,743,46,2,371.5,23,a,n,394.5
Senecio pulcher,1agr,LC,open,1533,38,2,766.5,19,a,n,785.5
Senecio pulcher,1agr,LC,open,645,37,2,322.5,18.5,a,n,341
Senecio pulcher,1agr,LC,open,737,94,2,368.5,47,a,n,415.5
Senecio pulcher,1agr,LC,open,400,78,2,200,39,a,n,239
Nothoscordum euosimum,1agr,LC,closed,110,9,2,55,4.5,a,n,59.5
Nothoscordum euosimum,1agr,LC,closed,270,1,2,135,0.5,a,n,135.5
Nothoscordum euosimum,1agr,LC,closed,80,2,1,80,2,a,n,82
Nothoscordum euosimum,1agr,LC,open,655,0,2,327.5,0,a,n,327.5
Nothoscordum euosimum,1agr,LC,open,1166,1,2,583,0.5,a,n,583.5
Nothoscordum euosimum,1agr,LC,open,380,1,2,190,0.5,a,n,190.5
Nothoscordum euosimum,1agr,LC,open,695,1,2,347.5,0.5,a,n,348
Nothoscordum euosimum,1agr,LC,open,1087,11,2,543.5,5.5,a,n,549
Nothoscordum euosimum,1agr,LC,open,908,6,2,454,3,a,n,457
Carduus acanthoides,A-leon,SC,closed,36,1,2,18,0.5,a,e,18.5
Carduus acanthoides,A-leon,SC,closed,9,1,2,4.5,0.5,a,e,5
Carduus acanthoides,A-leon,SC,closed,5,1,1,5,1,a,e,6
Carduus acanthoides,A-leon,SC,closed,3,1,2,1.5,0.5,a,e,2
Carduus acanthoides,A-leon,SC,closed,2,1,2,1,0.5,a,e,1.5
Carduus acanthoides,A-leon,SC,closed,15,2,2,7.5,1,a,e,8.5
Carduus acanthoides,A-leon,SC,open,245,5,2,122.5,2.5,a,e,125
Carduus acanthoides,A-leon,SC,open,27,3,2,13.5,1.5,a,e,15
Carduus acanthoides,A-leon,SC,open,49,4,2,24.5,2,a,e,26.5
Carduus acanthoides,A-leon,SC,open,40,7,2,20,3.5,a,e,23.5
Carduus acanthoides,A-leon,SC,open,58,6,2,29,3,a,e,32
Carduus acanthoides,A-leon,SC,open,117,5,2,58.5,2.5,a,e,61
Hirschfeldia incana,A-leon,SC,closed,1440,1,2,720,0.5,a,e,720.5
Hirschfeldia incana,A-leon,SC,closed,882,0,2,441,0,a,e,441
Hirschfeldia incana,A-leon,SC,closed,1098,1,2,549,0.5,a,e,549.5
Hirschfeldia incana,A-leon,SC,closed,904,0,2,452,0,a,e,452
Hirschfeldia incana,A-leon,SC,closed,1418,0,2,709,0,a,e,709
Hirschfeldia incana,A-leon,SC,closed,832,2,2,416,1,a,e,417
Hirschfeldia incana,A-leon,SC,closed,1236,2,2,618,1,a,e,619
Hirschfeldia incana,A-leon,SC,closed,1126,1,2,563,0.5,a,e,563.5
Hirschfeldia incana,A-leon,SC,open,546,2,2,273,1,a,e,274
Hirschfeldia incana,A-leon,SC,open,749,1,2,374.5,0.5,a,e,375
Hirschfeldia incana,A-leon,SC,open,534,1,2,267,0.5,a,e,267.5
Hirschfeldia incana,A-leon,SC,open,190,0,1,190,0,a,e,190
Hirschfeldia incana,A-leon,SC,open,943,0,2,471.5,0,a,e,471.5
Hirschfeldia incana,A-leon,SC,open,1019,6,2,509.5,3,a,e,512.5
Hirschfeldia incana,A-leon,SC,open,522,3,2,261,1.5,a,e,262.5
Hirschfeldia incana,A-leon,SC,open,561,2,2,280.5,1,a,e,281.5
Hirschfeldia incana,A-leon,SC,open,673,1,2,336.5,0.5,a,e,337
Turnera sidioides,A-alfalfa,AN,closed,59,11,2,29.5,5.5,a,n,35
Turnera sidioides,A-alfalfa,AN,closed,172,10,1,172,10,a,n,182
Turnera sidioides,A-alfalfa,AN,open,521,77,2,260.5,38.5,a,n,299
Turnera sidioides,A-alfalfa,AN,open,405,210,2,202.5,105,a,n,307.5
Turnera sidioides,A-alfalfa,AN,open,396,138,2,198,69,a,n,267
Turnera sidioides,A-alfalfa,AN,open,660,83,2,330,41.5,a,n,371.5
Turnera sidioides,A-alfalfa,AN,open,377,110,2,188.5,55,a,n,243.5
Turnera sidioides,A-alfalfa,AN,open,26,16,1,26,16,a,n,42
Turnera sidioides,A-alfalfa,AN,open,232,198,2,116,99,a,n,215
Turnera sidioides,A-alfalfa,AN,open,317,31,1,317,31,a,n,348
Turnera sidioides,A-alfalfa,AN,open,538,97,2,269,48.5,a,n,317.5
Physalis viscosa,A-alfalfa,AN,closed,2845,1,2,1422.5,0.5,a,n,1423
Physalis viscosa,A-alfalfa,AN,closed,1556,1,2,778,0.5,a,n,778.5
Physalis viscosa,A-alfalfa,AN,closed,2964,2,2,1482,1,a,n,1483
Physalis viscosa,A-alfalfa,AN,open,5112,35,2,2556,17.5,a,n,2573.5
Physalis viscosa,A-alfalfa,AN,open,8212,51,2,4106,25.5,a,n,4131.5
Physalis viscosa,A-alfalfa,AN,open,1846,26,1,1846,26,a,n,1872
Physalis viscosa,A-alfalfa,AN,open,4976,63,2,2488,31.5,a,n,2519.5
Physalis viscosa,A-alfalfa,AN,open,4444,57,2,2222,28.5,a,n,2250.5
Solanum sisymbriifolium,A-leon,SC,closed,56,1,1,56,1,a,n,57
Mentha pulegium,Cl,LC,closed,1,2,2,0.5,1,r,e,1.5
Mentha pulegium,Cl,LC,closed,34,1,2,17,0.5,r,e,17.5
Mentha pulegium,Cl,LC,closed,6,1,2,3,0.5,r,e,3.5
Mentha pulegium,Cl,LC,open,14,3,3,4.666666667,1,r,e,5.666666667
Mentha pulegium,Cl,LC,open,117,8,3,39,2.666666667,r,e,41.66666667
Mentha pulegium,Cl,LC,open,2,0,3,0.666666667,0,r,e,0.666666667
Carduus acanthoides,A-v’as,SC,closed,31,0,2,15.5,0,a,e,15.5
Carduus acanthoides,A-v’as,SC,closed,15,1,1,15,1,a,e,16
Carduus acanthoides,A-v’as,SC,closed,20,1,2,10,0.5,a,e,10.5
Carduus acanthoides,A-v’as,SC,closed,38,0,2,19,0,a,e,19
Carduus acanthoides,A-v’as,SC,closed,45,1,2,22.5,0.5,a,e,23
Carduus acanthoides,A-v’as,SC,closed,72,0,2,36,0,a,e,36
Carduus acanthoides,A-v’as,SC,closed,100,0,2,50,0,a,e,50
Carduus acanthoides,A-v’as,SC,closed,18,1,2,9,0.5,a,e,9.5
Carduus acanthoides,A-v’as,SC,closed,11,0,1,11,0,a,e,11
Carduus acanthoides,A-v’as,SC,open,9,0,2,4.5,0,a,e,4.5
Carduus acanthoides,A-v’as,SC,open,5,2,2,2.5,1,a,e,3.5
Carduus acanthoides,A-v’as,SC,open,15,1,2,7.5,0.5,a,e,8
Carduus acanthoides,A-v’as,SC,open,38,0,2,19,0,a,e,19
Carduus acanthoides,A-v’as,SC,open,36,11,3,12,3.666666667,a,e,15.66666667
Carduus acanthoides,A-v’as,SC,open,23,1,2,11.5,0.5,a,e,12
Carduus acanthoides,A-v’as,SC,open,8,1,2,4,0.5,a,e,4.5
Carduus acanthoides,A-v’as,SC,open,24,4,3,8,1.333333333,a,e,9.333333333
Carduus acanthoides,A-v’as,SC,open,6,4,2,3,2,a,e,5
Verbena intermedia,A-v’as,SC,closed,49,1,2,24.5,0.5,a,n,25
Verbena intermedia,A-v’as,SC,closed,6,0,2,3,0,a,n,3
Verbena intermedia,A-v’as,SC,closed,4,0,2,2,0,a,n,2
Verbena intermedia,A-v’as,SC,closed,68,1,2,34,0.5,a,n,34.5
Verbena intermedia,A-v’as,SC,closed,9,0,1,9,0,a,n,9
Verbena intermedia,A-v’as,SC,closed,14,0,1,14,0,a,n,14
Verbena intermedia,A-v’as,SC,open,81,3,3,27,1,a,n,28
Verbena intermedia,A-v’as,SC,open,22,0,2,11,0,a,n,11
Verbena intermedia,A-v’as,SC,open,45,1,2,22.5,0.5,a,n,23
Verbena intermedia,A-v’as,SC,open,34,0,2,17,0,a,n,17
Verbena intermedia,A-v’as,SC,open,21,0,2,10.5,0,a,n,10.5
Verbena intermedia,A-v’as,SC,open,2,0,2,1,0,a,n,1
Hirschfeldia incana,A-v’as,SC,closed,196,1,2,98,0.5,a,e,98.5
Hirschfeldia incana,A-v’as,SC,closed,2,7,2,1,3.5,a,e,4.5
Hirschfeldia incana,A-v’as,SC,closed,1,1,1,1,1,a,e,2
Hirschfeldia incana,A-v’as,SC,open,348,7,1,348,7,a,e,355
Hirschfeldia incana,A-v’as,SC,open,568,3,2,284,1.5,a,e,285.5
Hirschfeldia incana,A-v’as,SC,open,461,11,2,230.5,5.5,a,e,236
Hirschfeldia incana,A-v’as,SC,closed,391,1,2,195.5,0.5,a,e,196
Hirschfeldia incana,A-v’as,SC,closed,223,2,2,111.5,1,a,e,112.5
Hirschfeldia incana,A-v’as,SC,closed,237,1,1,237,1,a,e,238
Hirschfeldia incana,A-v’as,SC,open,96,1,2,48,0.5,a,e,48.5
Hirschfeldia incana,A-v’as,SC,open,259,2,2,129.5,1,a,e,130.5
Hirschfeldia incana,A-v’as,SC,open,353,7,3,117.6666667,2.333333333,a,e,120
Cypella herbertii,Cl,LC,closed,538,9,1,538,9,r,n,547
Cypella herbertii,Cl,LC,closed,417,3,1,417,3,r,n,420
Cypella herbertii,Cl,LC,open,6930,19,1,6930,19,r,n,6949
Cypella herbertii,Cl,LC,open,2452,216,2,1226,108,r,n,1334
Cypella herbertii,Cl,LC,open,4332,11,2,2166,5.5,r,n,2171.5
Cypella herbertii,2agr,LC,open,5739,40,2,2869.5,20,a,n,2889.5
Cypella herbertii,2agr,LC,open,5884,57,2,2942,28.5,a,n,2970.5
Cypella herbertii,2agr,LC,open,2148,46,2,1074,23,a,n,1097
Cypella herbertii,2agr,LC,open,6378,31,2,3189,15.5,a,n,3204.5
Cypella herbertii,2agr,LC,open,3741,46,1,3741,46,a,n,3787
Cypella herbertii,2agr,LC,open,7068,115,2,3534,57.5,a,n,3591.5
Cypella herbertii,2agr,LC,open,4638,33,2,2319,16.5,a,n,2335.5
Mentha pulegium,2agr,LC,closed,6,3,3,2,1,a,e,3
Mentha pulegium,2agr,LC,closed,2,7,3,0.666666667,2.333333333,a,e,3
Mentha pulegium,2agr,LC,closed,4,3,3,1.333333333,1,a,e,2.333333333
Mentha pulegium,2agr,LC,open,11,5,2,5.5,2.5,a,e,8
Mentha pulegium,2agr,LC,open,6,4,2,3,2,a,e,5
Mentha pulegium,2agr,LC,open,3,3,4,0.75,0.75,a,e,1.5
Mentha pulegium,2agr,LC,open,6,5,2,3,2.5,a,e,5.5
Mentha pulegium,2agr,LC,open,10,1,2,5,0.5,a,e,5.5
Mentha pulegium,2agr,LC,open,1,4,2,0.5,2,a,e,2.5
Nothoscordum euosimum,2agr,LC,closed,662,4,2,331,2,a,n,333
Nothoscordum euosimum,2agr,LC,closed,1190,1,3,396.6666667,0.333333333,a,n,397
Nothoscordum euosimum,2agr,LC,closed,743,1,3,247.6666667,0.333333333,a,n,248
Nothoscordum euosimum,2agr,LC,open,1120,1,2,560,0.5,a,n,560.5
Nothoscordum euosimum,2agr,LC,open,739,1,2,369.5,0.5,a,n,370
Nothoscordum euosimum,2agr,LC,open,607,1,3,202.3333333,0.333333333,a,n,202.6666667
Carduus acanthoides,A-pastura,AN,closed,29,5,2,14.5,2.5,a,e,17
Carduus acanthoides,A-pastura,AN,closed,43,4,2,21.5,2,a,e,23.5
Carduus acanthoides,A-pastura,AN,closed,86,2,2,43,1,a,e,44
Carduus acanthoides,A-pastura,AN,closed,51,1,2,25.5,0.5,a,e,26
Carduus acanthoides,A-pastura,AN,closed,44,2,2,22,1,a,e,23
Carduus acanthoides,A-pastura,AN,open,89,13,2,44.5,6.5,a,e,51
Carduus acanthoides,A-pastura,AN,open,132,17,2,66,8.5,a,e,74.5
Carduus acanthoides,A-pastura,AN,open,117,8,2,58.5,4,a,e,62.5
Lycium chilense,C-pastura,AN,closed,2937,1,2,1468.5,0.5,r,n,1469
Lycium chilense,C-pastura,AN,closed,2614,5,2,1307,2.5,r,n,1309.5
Lycium chilense,C-pastura,AN,closed,668,1,2,334,0.5,r,n,334.5
Lycium chilense,C-pastura,AN,closed,1472,1,2,736,0.5,r,n,736.5
Lycium chilense,C-pastura,AN,closed,3940,2,3,1313.333333,0.666666667,r,n,1314
Lycium chilense,C-pastura,AN,closed,2342,5,3,780.6666667,1.666666667,r,n,782.3333333
Lycium chilense,C-pastura,AN,open,1622,3,2,811,1.5,r,n,812.5
Lycium chilense,C-pastura,AN,open,2305,3,2,1152.5,1.5,r,n,1154
Lycium chilense,C-pastura,AN,open,1563,3,3,521,1,r,n,522
Lycium chilense,C-pastura,AN,open,4649,2,2,2324.5,1,r,n,2325.5
Lycium chilense,C-pastura,AN,open,4364,1,3,1454.666667,0.333333333,r,n,1455
Lycium chilense,C-pastura,AN,open,4249,2,2,2124.5,1,r,n,2125.5
Aloysia gratissima,C-pastura,AN,closed,2,0,3,0.666666667,0,r,n,0.666666667
Aloysia gratissima,C-pastura,AN,closed,1,0,3,0.333333333,0,r,n,0.333333333
Aloysia gratissima,C-pastura,AN,closed,1,0,3,0.333333333,0,r,n,0.333333333
Aloysia gratissima,C-pastura,AN,open,170,20,3,56.66666667,6.666666667,r,n,63.33333333
Aloysia gratissima,C-pastura,AN,open,90,11,3,30,3.666666667,r,n,33.66666667
Aloysia gratissima,C-pastura,AN,open,96,15,3,32,5,r,n,37
Hirschfeldia incana,A-pastura,AN,closed,320,6,2,160,3,a,e,163
Hirschfeldia incana,A-pastura,AN,closed,734,1,3,244.6666667,0.333333333,a,e,245
Hirschfeldia incana,A-pastura,AN,closed,915,4,3,305,1.333333333,a,e,306.3333333
Hirschfeldia incana,A-pastura,AN,open,2139,2,2,1069.5,1,a,e,1070.5
Hirschfeldia incana,A-pastura,AN,open,946,5,2,473,2.5,a,e,475.5
Hirschfeldia incana,A-pastura,AN,open,1022,1,1,1022,1,a,e,1023
Hirschfeldia incana,A-pastura,AN,open,1594,0,2,797,0,a,e,797
Hirschfeldia incana,A-pastura,AN,open,2075,5,2,1037.5,2.5,a,e,1040
Hirschfeldia incana,A-pastura,AN,open,566,2,2,283,1,a,e,284
Hirschfeldia incana,C-v’as,SC,open,569,3,2,284.5,1.5,r,e,286
Hirschfeldia incana,C-v’as,SC,open,467,2,2,233.5,1,r,e,234.5
Hirschfeldia incana,C-v’as,SC,open,820,2,2,410,1,r,e,411
Hirschfeldia incana,C-v’as,SC,open,291,1,2,145.5,0.5,r,e,146
Hirschfeldia incana,C-v’as,SC,open,77,0,1,77,0,r,e,77
Hirschfeldia incana,A-v’as,SC,open,232,1,2,116,0.5,a,e,116.5
Hirschfeldia incana,A-v’as,SC,open,303,1,2,151.5,0.5,a,e,152
Hirschfeldia incana,A-v’as,SC,open,518,3,2,259,1.5,a,e,260.5
Hirschfeldia incana,A-v’as,SC,open,716,5,2,358,2.5,a,e,360.5
Hirschfeldia incana,A-v’as,SC,open,442,7,2,221,3.5,a,e,224.5
Hirschfeldia incana,C-leon,SC,open,444,3,2,222,1.5,r,e,223.5
Hirschfeldia incana,C-leon,SC,open,573,3,2,286.5,1.5,r,e,288
Hirschfeldia incana,C-leon,SC,open,439,3,3,146.3333333,1,r,e,147.3333333
Hirschfeldia incana,C-leon,SC,open,501,4,2,250.5,2,r,e,252.5
Hirschfeldia incana,C-leon,SC,open,623,1,2,311.5,0.5,r,e,312
Hirschfeldia incana,C-leon,SC,open,428,2,2,214,1,r,e,215
Hirschfeldia incana,C-v’as,SC,open,230,2,2,115,1,r,e,116
Hirschfeldia incana,C-v’as,SC,open,527,0,2,263.5,0,r,e,263.5
Hirschfeldia incana,C-v’as,SC,open,709,1,2,354.5,0.5,r,e,355
Hirschfeldia incana,A-leon,SC,open,65,1,2,32.5,0.5,a,e,33
Hirschfeldia incana,A-leon,SC,open,538,15,2,269,7.5,a,e,276.5
Hirschfeldia incana,A-leon,SC,open,247,4,1,247,4,a,e,251
Hirschfeldia incana,A-leon,SC,open,398,5,2,199,2.5,a,e,201.5
Hirschfeldia incana,A-leon,SC,open,454,9,2,227,4.5,a,e,231.5
Hirschfeldia incana,A-leon,SC,open,201,3,2,100.5,1.5,a,e,102
Diplotaxis tenuifolia,C-alfalfa,AN,open,1940,0,2,970,0,r,e,970
Diplotaxis tenuifolia,C-alfalfa,AN,open,1083,3,1,1083,3,r,e,1086
Diplotaxis tenuifolia,C-alfalfa,AN,open,909,19,1,909,19,r,e,928
Diplotaxis tenuifolia,C-alfalfa,AN,open,1474,4,2,737,2,r,e,739
Diplotaxis tenuifolia,C-alfalfa,AN,open,1873,79,2,936.5,39.5,r,e,976
Diplotaxis tenuifolia,C-alfalfa,AN,open,1531,11,2,765.5,5.5,r,e,771
Diplotaxis tenuifolia,C-pastura,AN,open,363,0,2,181.5,0,r,e,181.5
Diplotaxis tenuifolia,C-pastura,AN,open,1546,2,2,773,1,r,e,774
Diplotaxis tenuifolia,C-pastura,AN,open,623,2,2,311.5,1,r,e,312.5
Diplotaxis tenuifolia,C-v’as,SC,closed,2506,3,2,1253,1.5,r,e,1254.5
Diplotaxis tenuifolia,C-v’as,SC,closed,2452,34,2,1226,17,r,e,1243
Diplotaxis tenuifolia,C-v’as,SC,closed,2833,4,2,1416.5,2,r,e,1418.5
Diplotaxis tenuifolia,C-v’as,SC,open,2965,25,2,1482.5,12.5,r,e,1495
Diplotaxis tenuifolia,C-v’as,SC,open,2577,24,2,1288.5,12,r,e,1300.5
Diplotaxis tenuifolia,C-v’as,SC,open,3827,25,2,1913.5,12.5,r,e,1926
Diplotaxis tenuifolia,C-v’as,SC,open,3242,21,2,1621,10.5,r,e,1631.5
Verbena intermedia,C-v’as,SC,closed,376,1,2,188,0.5,r,n,188.5
Verbena intermedia,C-v’as,SC,closed,346,0,2,173,0,r,n,173
Verbena intermedia,C-v’as,SC,closed,477,2,3,159,0.666666667,r,n,159.6666667
Verbena intermedia,C-v’as,SC,open,691,1,2,345.5,0.5,r,n,346
Verbena intermedia,C-v’as,SC,open,871,1,2,435.5,0.5,r,n,436
Verbena intermedia,C-v’as,SC,open,749,2,2,374.5,1,r,n,375.5
Verbena intermedia,C-v’as,SC,open,768,4,2,384,2,r,n,386
Verbena intermedia,C-v’as,SC,open,406,1,2,203,0.5,r,n,203.5
Verbena intermedia,C-v’as,SC,open,767,2,2,383.5,1,r,n,384.5
Cirsium vulgare,A-v’as,SC,open,180,7,2,90,3.5,a,e,93.5
Cirsium vulgare,A-v’as,SC,open,175,10,2,87.5,5,a,e,92.5
Cirsium vulgare,A-v’as,SC,open,154,8,2,77,4,a,e,81
Cirsium vulgare,A-v’as,SC,open,87,8,2,43.5,4,a,e,47.5
Cirsium vulgare,A-v’as,SC,open,163,13,2,81.5,6.5,a,e,88
Cirsium vulgare,A-v’as,SC,open,155,11,2,77.5,5.5,a,e,83
Carduus acanthoides,A-v’as,SC,closed,85,7,2,42.5,3.5,a,e,46
Carduus acanthoides,A-v’as,SC,closed,54,4,1,54,4,a,e,58
Carduus acanthoides,A-v’as,SC,closed,219,2,2,109.5,1,a,e,110.5
Carduus acanthoides,A-v’as,SC,closed,233,2,2,116.5,1,a,e,117.5
Carduus acanthoides,A-v’as,SC,closed,78,9,2,39,4.5,a,e,43.5
Carduus acanthoides,A-v’as,SC,open,81,8,2,40.5,4,a,e,44.5
Carduus acanthoides,A-v’as,SC,open,113,26,3,37.66666667,8.666666667,a,e,46.33333333
Carduus acanthoides,A-v’as,SC,open,79,13,3,26.33333333,4.333333333,a,e,30.66666667
Carduus acanthoides,A-v’as,SC,open,36,11,2,18,5.5,a,e,23.5
Carduus acanthoides,A-v’as,SC,open,45,24,2,22.5,12,a,e,34.5
Carduus acanthoides,A-v’as,SC,open,37,7,2,18.5,3.5,a,e,22
Verbena intermedia,A-v’as,SC,closed,214,1,2,107,0.5,a,n,107.5
Verbena intermedia,A-v’as,SC,closed,113,1,2,56.5,0.5,a,n,57
Verbena intermedia,A-v’as,SC,open,230,10,2,115,5,a,n,120
Verbena intermedia,A-v’as,SC,open,353,2,2,176.5,1,a,n,177.5
Verbena intermedia,A-v’as,SC,open,190,0,2,95,0,a,n,95
Verbena intermedia,A-v’as,SC,open,236,0,2,118,0,a,n,118
Verbena intermedia,A-v’as,SC,open,273,3,2,136.5,1.5,a,n,138
Verbena intermedia,A-v’as,SC,open,165,2,2,82.5,1,a,n,83.5
Carduus acanthoides,A-leon,SC,closed,108,4,2,54,2,a,e,56
Carduus acanthoides,A-leon,SC,closed,144,4,2,72,2,a,e,74
Carduus acanthoides,A-leon,SC,closed,145,4,2,72.5,2,a,e,74.5
Baccharis sp.,C-leon,SC,closed,0,3,2,0,1.5,r,n,1.5
Baccharis sp.,C-leon,SC,closed,0,4,2,0,2,r,n,2
Baccharis sp.,C-leon,SC,closed,0,3,2,0,1.5,r,n,1.5
Baccharis sp.,C-leon,SC,closed,0,5,2,0,2.5,r,n,2.5
Baccharis sp.,C-leon,SC,closed,0,2,2,0,1,r,n,1
Baccharis sp.,C-leon,SC,closed,0,0,2,0,0,r,n,0
Baccharis sp.,C-leon,SC,open,18,8,3,6,2.666666667,r,n,8.666666667
Baccharis sp.,C-leon,SC,open,21,2,2,10.5,1,r,n,11.5
Baccharis sp.,C-leon,SC,open,6,4,2,3,2,r,n,5
Baccharis sp.,C-leon,SC,open,12,2,3,4,0.666666667,r,n,4.666666667
Baccharis sp.,C-leon,SC,open,12,0,2,6,0,r,n,6
Baccharis sp.,C-leon,SC,open,19,1,3,6.333333333,0.333333333,r,n,6.666666667
Baccharis sp.,C-leon,SC,open,24,1,2,12,0.5,r,n,12.5
Baccharis sp.,C-leon,SC,open,2,4,2,1,2,r,n,3
Cirsium vulgare,C-leon,SC,closed,633,7,3,211,2.333333333,r,e,213.3333333
Cirsium vulgare,C-leon,SC,closed,590,8,3,196.6666667,2.666666667,r,e,199.3333333
Cirsium vulgare,C-leon,SC,closed,518,6,2,259,3,r,e,262
Cirsium vulgare,C-leon,SC,open,178,7,2,89,3.5,r,e,92.5
Cirsium vulgare,C-leon,SC,open,203,2,2,101.5,1,r,e,102.5
Cirsium vulgare,C-leon,SC,open,48,6,1,48,6,r,e,54
Cirsium vulgare,C-leon,SC,open,120,3,2,60,1.5,r,e,61.5
Cirsium vulgare,C-leon,SC,open,154,14,2,77,7,r,e,84
Cirsium vulgare,C-leon,SC,open,215,2,2,107.5,1,r,e,108.5
Cirsium vulgare,C-leon,SC,open,140,4,2,70,2,r,e,72
Cirsium vulgare,C-leon,SC,open,156,8,2,78,4,r,e,82
Carduus acanthoides,A-leon,SC,closed,138,7,2,69,3.5,a,e,72.5
Carduus acanthoides,A-leon,SC,closed,70,1,1,70,1,a,e,71
Carduus acanthoides,A-leon,SC,open,30,29,2,15,14.5,a,e,29.5
Carduus acanthoides,A-leon,SC,open,90,23,2,45,11.5,a,e,56.5
Carduus acanthoides,A-leon,SC,open,67,5,1,67,5,a,e,72
Carduus acanthoides,A-leon,SC,open,115,6,2,57.5,3,a,e,60.5
Carduus acanthoides,A-leon,SC,open,19,3,1,19,3,a,e,22
Carduus acanthoides,A-leon,SC,open,82,11,2,41,5.5,a,e,46.5
Carduus acanthoides,A-leon,SC,open,159,16,3,53,5.333333333,a,e,58.33333333
Carduus acanthoides,A-leon,SC,open,57,4,2,28.5,2,a,e,30.5
Carduus acanthoides,A-leon,SC,open,60,6,2,30,3,a,e,33
Solanum sisymbriifolium,A-leon,SC,open,6753,67,3,2251,22.33333333,a,n,2273.333333
Solanum sisymbriifolium,A-leon,SC,open,4602,21,2,2301,10.5,a,n,2311.5
Solanum sisymbriifolium,A-leon,SC,open,4004,39,2,2002,19.5,a,n,2021.5