Survey,date,Site,Plant observed,Plant family,Flower visitor ID,Flower visitor_order,Flower visitor_family,Visitation frequency,flower units observed per plant species,Flower abundance,total area_sampled_m2,Visitor_type 
1,November 2010,SC_A-leon,Hirschfeldia incana,Brassicaceae,No visits,No visits,No visits,0,1,0.005,200,No visits
1,November 2010,SC_A-leon,Conium maculatum,Apiaceae,Anthomyiidae sp1,Diptera,Anthomyiidae,1,1,0.005,200,Fly
1,November 2010,SC_A-leon,Trifolium repens,Fabaceae,No visits,No visits,No visits,0,3,0.015,200,No visits
2,December 2010,SC_A-leon,no florwers,no florwers,No visits,No visits,No visits,0,0,0,200,No visits
3,January 2011,SC_A-leon,Portulaca oleracea,Portulacaceae,No visits,No visits,No visits,0,9,0.045,200,No visits
3,January 2011,SC_A-leon,Conyza bonariensis,Asteraceae,No visits,No visits,No visits,0,7,0.035,200,No visits
3,January 2011,SC_A-leon,Medicago sativa,Fabaceae,No visits,No visits,No visits,0,188,0.94,200,No visits
3,January 2011,SC_A-leon,Carduus acanthoides,Asteraceae,Chauliognatus scriptus,Coleoptera,Cantharidae,4,19,0.095,200,beetle
3,January 2011,SC_A-leon,Hirschfeldia incana,Brassicaceae,Allograpta exotica,Diptera,Syrphidae,3,258,1.29,200,Fly
3,January 2011,SC_A-leon,Glycine max,Fabaceae,No visits,No visits,No visits,0,20803,104.015,200,No visits
3,January 2011,SC_A-leon,Carduus acanthoides,Asteraceae,Dialictus sp15,Hymenoptera,Halictidae,1,19,0.095,200,bee
3,January 2011,SC_A-leon,Hirschfeldia incana,Brassicaceae,Dialictus sp21,Hymenoptera,Halictidae,2,258,1.29,200,bee
3,January 2011,SC_A-leon,Hirschfeldia incana,Brassicaceae,Oxysarcodexia varia,Diptera,Sarcophagidae,1,258,1.29,200,Fly
3,January 2011,SC_A-leon,Hirschfeldia incana,Brassicaceae,Toxomerus sp,Diptera,Syrphidae,2,258,1.29,200,Fly
4,february 2011,SC_A-leon,Glycine max,Fabaceae,No visits,No visits,No visits,0,2445,12.225,200,No visits
4,february 2011,SC_A-leon,Hirschfeldia incana,Brassicaceae,No visits,No visits,No visits,0,61,0.305,200,No visits
4,february 2011,SC_A-leon,Carduus acanthoides,Asteraceae,No visits,No visits,No visits,0,3,0.015,200,No visits
4,february 2011,SC_A-leon,Trifolium repens,Fabaceae,No visits,No visits,No visits,0,6,0.03,200,No visits
4,february 2011,SC_A-leon,Medicago sativa,Fabaceae,Colias lesbia,Lepidoptera,Pieridae,1,229,1.145,200,butterfly
5,March 2011,SC_A-leon,Medicago sativa,Fabaceae,Colias lesbia,Lepidoptera,Pieridae,3,50,0.25,200,butterfly
5,March 2011,SC_A-leon,Carduus acanthoides,Asteraceae,Colias lesbia,Lepidoptera,Pieridae,8,12,0.06,200,butterfly
5,March 2011,SC_A-leon,Conyza bonariensis,Asteraceae,Braconidae sp5,Hymenoptera,Braconidae,1,1864,9.32,200,other
5,March 2011,SC_A-leon,Aster squamatus,Asteraceae,No visits,No visits,No visits,0,14,0.07,200,No visits
5,March 2011,SC_A-leon,Hirschfeldia incana,Brassicaceae,Colias lesbia,Lepidoptera,Pieridae,1,44,0.22,200,butterfly
5,March 2011,SC_A-leon,Carduus acanthoides,Asteraceae,Dilophus sp,Diptera,Bibionidae,1,8,0.04,200,Fly
5,March 2011,SC_A-leon,Carduus acanthoides,Asteraceae,Noctuidea sp4,Lepidoptera,Noctuidea,1,8,0.04,200,butterfly
5,March 2011,SC_A-leon,Conyza bonariensis,Asteraceae,Dialictus sp20,Hymenoptera,Halictidae,1,1864,9.32,200,bee
5,March 2011,SC_A-leon,Conyza bonariensis,Asteraceae,Pseudagapostemon pampeanus,Hymenoptera,Halictidae,1,1864,9.32,200,bee
1,November 2010,SC_A-vias,Adesmia bicolor,Fabaceae,No visits,No visits,No visits,0,222,1.11,200,No visits
1,November 2010,SC_A-vias,Hirschfeldia incana,Brassicaceae,No visits,No visits,No visits,0,33,0.165,200,No visits
1,November 2010,SC_A-vias,Cirsium vulgare,Asteraceae,No visits,No visits,No visits,0,2,0.01,200,No visits
1,November 2010,SC_A-vias,Trifolium pratense,Fabaceae,No visits,No visits,No visits,0,31,0.155,200,No visits
1,November 2010,SC_A-vias,Trifolium repens,Fabaceae,No visits,No visits,No visits,0,63,0.315,200,No visits
1,November 2010,SC_A-vias,Verbena bonariensis,Verbenaceae,No visits,No visits,No visits,0,28,0.14,200,No visits
1,November 2010,SC_A-vias,Hypochaeris pampasica,Asteraceae,No visits,No visits,No visits,0,5,0.025,200,No visits
1,November 2010,SC_A-vias,Oxalis sp,Oxalidaceae,No visits,No visits,No visits,0,2,0.01,200,No visits
1,November 2010,SC_A-vias,Sonchus sp,Asteraceae,No visits,No visits,No visits,0,6,0.03,200,No visits
1,November 2010,SC_A-vias,Sisyrinchium platense,Iridaceae,No visits,No visits,No visits,0,10,0.05,200,No visits
2,December 2010,SC_A-vias,Crepis setosa,Asteraceae,No visits,No visits,No visits,0,1,0.005,200,No visits
2,December 2010,SC_A-vias,Verbena gracilescens,Verbenaceae,No visits,No visits,No visits,0,10,0.05,200,No visits
2,December 2010,SC_A-vias,Sisyrinchium platense,Iridaceae,No visits,No visits,No visits,0,2,0.01,200,No visits
2,December 2010,SC_A-vias,Cirsium vulgare,Asteraceae,No visits,No visits,No visits,0,1,0.005,200,No visits
2,December 2010,SC_A-vias,Centaurium pulchellum,Gentianacae,No visits,No visits,No visits,0,61,0.305,200,No visits
2,December 2010,SC_A-vias,Oxypetalum solanoides,Apocynaceae,No visits,No visits,No visits,0,22,0.11,200,No visits
2,December 2010,SC_A-vias,Adesmia bicolor,Fabaceae,No visits,No visits,No visits,0,8,0.04,200,No visits
2,December 2010,SC_A-vias,Ammi visnaga,Apiaceae,No visits,No visits,No visits,0,7,0.035,200,No visits
2,December 2010,SC_A-vias,Carduus acanthoides,Asteraceae,No visits,No visits,No visits,0,1,0.005,200,No visits
2,December 2010,SC_A-vias,Verbena bonariensis,Verbenaceae,No visits,No visits,No visits,0,94,0.47,200,No visits
2,December 2010,SC_A-vias,Hirschfeldia incana,Brassicaceae,Allograpta exotica,Diptera,Syrphidae,1,309,1.545,200,Fly
2,December 2010,SC_A-vias,Hirschfeldia incana,Brassicaceae,Apis mellifera,Hymenoptera,Apidae,2,309,1.545,200,bee
2,December 2010,SC_A-vias,Hirschfeldia incana,Brassicaceae,Dialictus sp20,Hymenoptera,Halictidae,2,309,1.545,200,bee
2,December 2010,SC_A-vias,Hirschfeldia incana,Brassicaceae,Dialictus sp21,Hymenoptera,Halictidae,1,309,1.545,200,bee
2,December 2010,SC_A-vias,Hirschfeldia incana,Brassicaceae,Toxomerus sp,Diptera,Syrphidae,1,309,1.545,200,Fly
3,January 2011,SC_A-vias,Carduus acanthoides,Asteraceae,Apis mellifera,Hymenoptera,Apidae,3,263,1.315,200,bee
3,January 2011,SC_A-vias,Carduus acanthoides,Asteraceae,Pseudagapostemon pampeanus,Hymenoptera,Halictidae,1,263,1.315,200,bee
3,January 2011,SC_A-vias,Ammi visnaga,Apiaceae,No visits,No visits,No visits,0,3,0.015,200,No visits
3,January 2011,SC_A-vias,Glycine max,Fabaceae,Apis mellifera,Hymenoptera,Apidae,3,17767,88.835,200,bee
3,January 2011,SC_A-vias,Hirschfeldia incana,Brassicaceae,Dialictus sp11,Hymenoptera,Halictidae,1,29,0.145,200,bee
3,January 2011,SC_A-vias,Hirschfeldia incana,Brassicaceae,Dialictus sp21,Hymenoptera,Halictidae,1,29,0.145,200,bee
4,february 2011,SC_A-vias,Glycine max,Fabaceae,Chrysomelidae sp1,Coleoptera,Chrysomelidae,1,3825,19.125,200,beetle
4,february 2011,SC_A-vias,Glycine max,Fabaceae,Chrysomelidae sp3,Coleoptera,Chrysomelidae,1,3825,19.125,200,beetle
4,february 2011,SC_A-vias,Ammi visnaga,Apiaceae,Chauliognatus scriptus,Coleoptera,Cantharidae,1,11,0.055,200,beetle
4,february 2011,SC_A-vias,Carduus acanthoides,Asteraceae,Chauliognatus scriptus,Coleoptera,Cantharidae,15,589,2.945,200,beetle
4,february 2011,SC_A-vias,Verbena bonariensis,Verbenaceae,No visits,No visits,No visits,0,35,0.175,200,No visits
4,february 2011,SC_A-vias,Adesmia bicolor,Fabaceae,No visits,No visits,No visits,0,2,0.01,200,No visits
4,february 2011,SC_A-vias,Physalis viscosa,Solanaceae,No visits,No visits,No visits,0,1,0.005,200,No visits
4,february 2011,SC_A-vias,Carduus acanthoides,Asteraceae,Apis mellifera,Hymenoptera,Apidae,3,589,2.945,200,bee
4,february 2011,SC_A-vias,Carduus acanthoides,Asteraceae,Pseudagapostemon pampeanus,Hymenoptera,Halictidae,1,589,2.945,200,bee
5,March 2011,SC_A-vias,Carduus acanthoides,Asteraceae,Apis mellifera,Hymenoptera,Apidae,1,15,0.075,200,bee
5,March 2011,SC_A-vias,Conyza bonariensis,Asteraceae,Entypus ferrugipennis,Hymenoptera,Pompilidae,2,45785,228.925,200,other
5,March 2011,SC_A-vias,Cirsium vulgare,Asteraceae,Apis mellifera,Hymenoptera,Apidae,2,8,0.04,200,bee
5,March 2011,SC_A-vias,Taraxacum oficinale,Asteraceae,No visits,No visits,No visits,0,1,0.005,200,No visits
5,March 2011,SC_A-vias,Hirschfeldia incana,Brassicaceae,No visits,No visits,No visits,0,3,0.015,200,No visits
5,March 2011,SC_A-vias,Conyza bonariensis,Asteraceae,Chlorion sp,Hymenoptera,Sphecidae,1,45785,228.925,200,other
5,March 2011,SC_A-vias,Conyza bonariensis,Asteraceae,Polybia scutellaris,Hymenoptera,Vespidae,1,45785,228.925,200,other
5,March 2011,SC_A-vias,Cirsium vulgare,Asteraceae,Bombus bellicosus,Hymenoptera,Apidae,1,8,0.04,200,bee
5,March 2011,SC_A-vias,Cirsium vulgare,Asteraceae,Lerodea eufala,Lepidoptera,Hesperiidae,1,8,0.04,200,butterfly
1,November 2010,SC_C-leon,Conium maculatum,Apiaceae,Allograpta exotica,Diptera,Syrphidae,3,429,2.145,200,Fly
1,November 2010,SC_C-leon,Conium maculatum,Apiaceae,Anthomyiidae sp1,Diptera,Anthomyiidae,1,429,2.145,200,Fly
1,November 2010,SC_C-leon,Conium maculatum,Apiaceae,Anthomyiidae sp5,Diptera,Anthomyiidae,3,429,2.145,200,Fly
1,November 2010,SC_C-leon,Conium maculatum,Apiaceae,Astylus quadrilineatus,Coleoptera,Melyridae,1,429,2.145,200,butterfly
1,November 2010,SC_C-leon,Conium maculatum,Apiaceae,Chrysomelidae sp2,Coleoptera,Chrysomelidae,3,429,2.145,200,butterfly
1,November 2010,SC_C-leon,Conium maculatum,Apiaceae,Curculionidae sp5,Coleoptera,Curculionidae,1,429,2.145,200,butterfly
1,November 2010,SC_C-leon,Conium maculatum,Apiaceae,Dilophus sp,Diptera,Bibionidae,1,429,2.145,200,Fly
1,November 2010,SC_C-leon,Conium maculatum,Apiaceae,Limnophora sp,Diptera,Muscidae,4,429,2.145,200,Fly
1,November 2010,SC_C-leon,Conium maculatum,Apiaceae,Oxysarcodexia varia,Diptera,Sarcophagidae,1,429,2.145,200,Fly
1,November 2010,SC_C-leon,Conium maculatum,Apiaceae,Stratiomyiidae sp2 ,Diptera,Stratiomyiidae,1,429,2.145,200,Fly
1,November 2010,SC_C-leon,Geranium sp,Geraniaceae,Toxomerus sp,Diptera,Syrphidae,2,1682,8.41,200,Fly
1,November 2010,SC_C-leon,Hirschfeldia incana,Brassicaceae,Allograpta exotica,Diptera,Syrphidae,1,66,0.33,200,Fly
1,November 2010,SC_C-leon,Hirschfeldia incana,Brassicaceae,Dialictus sp13,Hymenoptera,Halictidae,2,66,0.33,200,bee
1,November 2010,SC_C-leon,Hirschfeldia incana,Brassicaceae,Toxomerus sp,Diptera,Syrphidae,1,66,0.33,200,Fly
2,December 2010,SC_C-leon,Conium maculatum,Apiaceae,Allograpta exotica,Diptera,Syrphidae,4,1368,6.84,200,Fly
2,December 2010,SC_C-leon,Conium maculatum,Apiaceae,Anthomyiidae sp5,Diptera,Anthomyiidae,1,1368,6.84,200,Fly
2,December 2010,SC_C-leon,Conium maculatum,Apiaceae,Blaesoxipha (Acanthodotheca) sp,Diptera,Sarcophagidae,2,1368,6.84,200,Fly
2,December 2010,SC_C-leon,Conium maculatum,Apiaceae,Blaesoxipha (Tephromyia) sp2,Diptera,Sarcophagidae,1,1368,6.84,200,Fly
2,December 2010,SC_C-leon,Conium maculatum,Apiaceae,Cochliomyia macellaria,Diptera,Calliphoridae,7,1368,6.84,200,Fly
2,December 2010,SC_C-leon,Conium maculatum,Apiaceae,Diabrotica speciosa,Coleoptera,Chrysomelidae,1,1368,6.84,200,butterfly
2,December 2010,SC_C-leon,Conium maculatum,Apiaceae,Graphomya auriceps,Diptera,Muscidae,1,1368,6.84,200,Fly
2,December 2010,SC_C-leon,Conium maculatum,Apiaceae,Lygaeidae sp1,Hemiptera,Lygaeidae,1,1368,6.84,200,other
2,December 2010,SC_C-leon,Conium maculatum,Apiaceae,Limnophora sp,Diptera,Muscidae,2,1368,6.84,200,Fly
2,December 2010,SC_C-leon,Conium maculatum,Apiaceae,Lispe sp,Diptera,Muscidae,1,1368,6.84,200,Fly
2,December 2010,SC_C-leon,Conium maculatum,Apiaceae,Oxysarcodexia paulistanensis,Diptera,Sarcophagidae,3,1368,6.84,200,Fly
2,December 2010,SC_C-leon,Conium maculatum,Apiaceae,Oxysarcodexia varia,Diptera,Sarcophagidae,1,1368,6.84,200,Fly
2,December 2010,SC_C-leon,Conium maculatum,Apiaceae,Palpada elegans,Diptera,Syrphidae,1,1368,6.84,200,Fly
2,December 2010,SC_C-leon,Conium maculatum,Apiaceae,Phaenicia cluvia,Diptera,Calliphoridae,1,1368,6.84,200,Fly
2,December 2010,SC_C-leon,Conium maculatum,Apiaceae,Polybia scutellaris,Hymenoptera,Vespidae,6,1368,6.84,200,other
2,December 2010,SC_C-leon,Conium maculatum,Apiaceae,Sphiximorpha sp1,Diptera,Syrphidae,1,1368,6.84,200,Fly
2,December 2010,SC_C-leon,Conium maculatum,Apiaceae,Syrphus sp,Diptera,Syrphidae,1,1368,6.84,200,Fly
2,December 2010,SC_C-leon,Conium maculatum,Apiaceae,Tachinidae sp43,Diptera,Tachinidae,1,1368,6.84,200,Fly
2,December 2010,SC_C-leon,Conium maculatum,Apiaceae,Tachinidae sp47,Diptera,Tachinidae,1,1368,6.84,200,Fly
2,December 2010,SC_C-leon,Conium maculatum,Apiaceae,Toxomerus sp,Diptera,Syrphidae,1,1368,6.84,200,Fly
2,December 2010,SC_C-leon,Carduus acanthoides,Asteraceae,Apis mellifera,Hymenoptera,Apidae,1,20,0.1,200,bee
2,December 2010,SC_C-leon,Carduus acanthoides,Asteraceae,Oxysarcodexia varia,Diptera,Sarcophagidae,1,20,0.1,200,Fly
2,December 2010,SC_C-leon,Physalis viscosa,Solanaceae,Colletes sp4,Hymenoptera,Colletidae,1,60,0.3,200,bee
2,December 2010,SC_C-leon,Geranium sp,Geraniaceae,No visits,No visits,No visits,0,374,1.87,200,No visits
2,December 2010,SC_C-leon,Viola arvensis,Violaceae,No visits,No visits,No visits,0,1,0.005,200,No visits
2,December 2010,SC_C-leon,Verbena bonariensis,Verbenaceae,No visits,No visits,No visits,0,18,0.09,200,No visits
2,December 2010,SC_C-leon,Cirsium vulgare,Asteraceae,No visits,No visits,No visits,0,2,0.01,200,No visits
3,January 2011,SC_C-leon,Carduus acanthoides,Asteraceae,Melissodes tintinnas,Hymenoptera,Apidae,1,548,2.74,200,bee
3,January 2011,SC_C-leon,Cirsium vulgare,Asteraceae,Pseudagapostemon pampeanus,Hymenoptera,Halictidae,1,140,0.7,200,bee
3,January 2011,SC_C-leon,Physalis viscosa,Solanaceae,No visits,No visits,No visits,0,2,0.01,200,No visits
3,January 2011,SC_C-leon,Verbena bonariensis,Verbenaceae,No visits,No visits,No visits,0,8,0.04,200,No visits
4,february 2011,SC_C-leon,Araujia angustifolia,Apocynaceae,No visits,No visits,No visits,0,26,0.13,200,No visits
4,february 2011,SC_C-leon,Baccharis pingraea,Asteraceae,Coleoptera sp8,Coleoptera,Coleoptera,1,11504,57.52,200,beetle
4,february 2011,SC_C-leon,Baccharis pingraea,Asteraceae,Lampyridae sp2,Coleoptera,Lampyridae,12,11504,57.52,200,beetle
4,february 2011,SC_C-leon,Baccharis pingraea,Asteraceae,Oxysarcodexia varia,Diptera,Sarcophagidae,4,11504,57.52,200,Fly
4,february 2011,SC_C-leon,Baccharis pingraea,Asteraceae,Polybia scutellaris,Hymenoptera,Vespidae,1,11504,57.52,200,other
4,february 2011,SC_C-leon,Baccharis pingraea,Asteraceae,Tachytes amazonus,Hymenoptera,Crabronidae,1,11504,57.52,200,other
4,february 2011,SC_C-leon,Baccharis pingraea,Asteraceae,Tachytes pubescens,Hymenoptera,Crabronidae,1,11504,57.52,200,other
4,february 2011,SC_C-leon,Baccharis pingraea,Asteraceae,Tricharaea occidua,Diptera,Sarcophagidae,4,11504,57.52,200,Fly
4,february 2011,SC_C-leon,Carduus acanthoides,Asteraceae,Apis mellifera,Hymenoptera,Apidae,1,153,0.765,200,bee
4,february 2011,SC_C-leon,Carduus acanthoides,Asteraceae,Chauliognatus scriptus,Coleoptera,Cantharidae,1,153,0.765,200,beetle
4,february 2011,SC_C-leon,Cirsium vulgare,Asteraceae,Apis mellifera,Hymenoptera,Apidae,3,91,0.455,200,bee
4,february 2011,SC_C-leon,Cirsium vulgare,Asteraceae,Chauliognatus scriptus,Coleoptera,Cantharidae,1,91,0.455,200,beetle
4,february 2011,SC_C-leon,Cirsium vulgare,Asteraceae,Dialictus sp20,Hymenoptera,Halictidae,1,91,0.455,200,bee
4,february 2011,SC_C-leon,Cirsium vulgare,Asteraceae,Pseudagapostemon pampeanus,Hymenoptera,Halictidae,1,91,0.455,200,bee
4,february 2011,SC_C-leon,Dipsacus sativus,Dipsacaceae,No visits,No visits,No visits,0,1,0.005,200,No visits
4,february 2011,SC_C-leon,Eryngium pandanifolium,Apiaceae,Apis mellifera,Hymenoptera,Apidae,1,346,1.73,200,bee
4,february 2011,SC_C-leon,Eryngium pandanifolium,Apiaceae,Blaesoxipha (Tephromyia) sp1,Diptera,Sarcophagidae,1,346,1.73,200,Fly
4,february 2011,SC_C-leon,Eryngium pandanifolium,Apiaceae,Lampyridae sp2,Coleoptera,Lampyridae,19,346,1.73,200,beetle
4,february 2011,SC_C-leon,Eryngium pandanifolium,Apiaceae,Oxysarcodexia varia,Diptera,Sarcophagidae,2,346,1.73,200,Fly
4,february 2011,SC_C-leon,Eryngium pandanifolium,Apiaceae,Tricharaea occidua,Diptera,Sarcophagidae,1,346,1.73,200,Fly
4,february 2011,SC_C-leon,Glandularia peruviana,Verbenaceae,No visits,No visits,No visits,0,21,0.105,200,No visits
4,february 2011,SC_C-leon,Hirschfeldia incana,Brassicaceae,Dialictus sp17,Hymenoptera,Halictidae,1,60,0.3,200,bee
4,february 2011,SC_C-leon,Hirschfeldia incana,Brassicaceae,Dialictus sp21,Hymenoptera,Halictidae,1,60,0.3,200,bee
4,february 2011,SC_C-leon,Sonchus sp,Asteraceae,No visits,No visits,No visits,0,11,0.055,200,No visits
4,february 2011,SC_C-leon,Lactuca serriola,Asteraceae,No visits,No visits,No visits,0,2,0.01,200,No visits
4,february 2011,SC_C-leon,Oxypetalum solanoides,Apocynaceae,No visits,No visits,No visits,0,9,0.045,200,No visits
4,february 2011,SC_C-leon,Verbascum thapsus,Scrophulariaceae,No visits,No visits,No visits,0,9,0.045,200,No visits
4,february 2011,SC_C-leon,Oenothera sp,Onagraceae,No visits,No visits,No visits,0,1,0.005,200,No visits
4,february 2011,SC_C-leon,Physalis viscosa,Solanaceae,No visits,No visits,No visits,0,27,0.135,200,No visits
5,March 2011,SC_C-leon,Cirsium vulgare,Asteraceae,Apis mellifera,Hymenoptera,Apidae,12,34,0.17,200,bee
5,March 2011,SC_C-leon,Cirsium vulgare,Asteraceae,Colias lesbia,Lepidoptera,Pieridae,1,34,0.17,200,butterfly
5,March 2011,SC_C-leon,Conyza bonariensis,Asteraceae,No visits,No visits,No visits,0,140,0.7,200,No visits
5,March 2011,SC_C-leon,Verbena bonariensis,Verbenaceae,No visits,No visits,No visits,0,55,0.275,200,No visits
1,November 2010,SC_C-vias,Glandularia peruviana,Verbenaceae,Ceratina montana,Hymenoptera,Apidae,1,308,1.54,200,bee
1,November 2010,SC_C-vias,Geranium sp,Geraniaceae,No visits,No visits,No visits,0,2,0.01,200,No visits
1,November 2010,SC_C-vias,Vicia linearifolia,Fabaceae,No visits,No visits,No visits,0,3,0.015,200,No visits
1,November 2010,SC_C-vias,Verbena bonariensis,Verbenaceae,No visits,No visits,No visits,0,1,0.005,200,No visits
1,November 2010,SC_C-vias,Adesmia bicolor,Fabaceae,No visits,No visits,No visits,0,17,0.085,200,No visits
1,November 2010,SC_C-vias,Polygala linoides,Polygalaceae,No visits,No visits,No visits,0,2,0.01,200,No visits
1,November 2010,SC_C-vias,Sisyrinchium megapotamicum,Iridaceae,No visits,No visits,No visits,0,2,0.01,200,No visits
2,December 2010,SC_C-vias,Verbascum thapsus,Scrophulariaceae,No visits,No visits,No visits,0,5,0.025,200,No visits
2,December 2010,SC_C-vias,Glandularia peruviana,Verbenaceae,No visits,No visits,No visits,0,170,0.85,200,No visits
2,December 2010,SC_C-vias,Verbena bonariensis,Verbenaceae,No visits,No visits,No visits,0,4,0.02,200,No visits
3,January 2011,SC_C-vias,Eryngium horridum,Apiaceae,Chauliognatus scriptus,Coleoptera,Cantharidae,3,166,0.83,200,beetle
3,January 2011,SC_C-vias,Eryngium horridum,Apiaceae,Cochliomyia macellaria,Diptera,Calliphoridae,1,166,0.83,200,Fly
3,January 2011,SC_C-vias,Eryngium horridum,Apiaceae,Coleoptera sp4,Coleoptera,Coleoptera,3,166,0.83,200,beetle
3,January 2011,SC_C-vias,Eryngium horridum,Apiaceae,Oxysarcodexia paulistanensis,Diptera,Sarcophagidae,1,166,0.83,200,Fly
3,January 2011,SC_C-vias,Eryngium horridum,Apiaceae,Oxysarcodexia varia,Diptera,Sarcophagidae,5,166,0.83,200,Fly
3,January 2011,SC_C-vias,Eryngium horridum,Apiaceae,Pseudomops neglecta,Blattaria,Blattellidae,1,166,0.83,200,other
3,January 2011,SC_C-vias,Hirschfeldia incana,Brassicaceae,No visits,No visits,No visits,0,16,0.08,200,No visits
3,January 2011,SC_C-vias,Glandularia peruviana,Verbenaceae,No visits,No visits,No visits,0,8,0.04,200,No visits
3,January 2011,SC_C-vias,Eryngium elegans,Apiaceae,No visits,No visits,No visits,0,57,0.285,200,No visits
3,January 2011,SC_C-vias,Verbascum thapsus,Scrophulariaceae,No visits,No visits,No visits,0,9,0.045,200,No visits
3,January 2011,SC_C-vias,Dipsacus sativus,Dipsacaceae,No visits,No visits,No visits,0,4,0.02,200,No visits
4,february 2011,SC_C-vias,Glandularia peruviana,Verbenaceae,No visits,No visits,No visits,0,25,0.125,200,No visits
4,february 2011,SC_C-vias,Dipsacus sativus,Dipsacaceae,No visits,No visits,No visits,0,1,0.005,200,No visits
4,february 2011,SC_C-vias,Hirschfeldia incana,Brassicaceae,No visits,No visits,No visits,0,3,0.015,200,No visits
4,february 2011,SC_C-vias,Diplotaxis tenuifolia,Brassicaceae,No visits,No visits,No visits,0,78,0.39,200,No visits
4,february 2011,SC_C-vias,Eryngium elegans,Apiaceae,No visits,No visits,No visits,0,8,0.04,200,No visits
4,february 2011,SC_C-vias,Baccharis pingraea,Asteraceae,Megachile (Pseudocentron) sp3,Hymenoptera,Megachilidae,1,37,0.185,200,bee
5,March 2011,SC_C-vias,Conyza bonariensis,Asteraceae,Dialictus sp14,Hymenoptera,Halictidae,1,602,3.01,200,bee
5,March 2011,SC_C-vias,Glandularia peruviana,Verbenaceae,No visits,No visits,No visits,0,13,0.065,200,No visits
5,March 2011,SC_C-vias,Solidago chilensis,Asteraceae,Bruchidius endotubercularis ,Coleoptera,Chrysomelidae,2,193,0.965,200,beetle
5,March 2011,SC_C-vias,Solidago chilensis,Asteraceae,Chauliognathus scriptus,Coleoptera,Cantharidae,1,193,0.965,200,beetle
5,March 2011,SC_C-vias,Solidago chilensis,Asteraceae,Curculionidae sp11,Coleoptera,Curculionidae,1,193,0.965,200,beetle
5,March 2011,SC_C-vias,Solidago chilensis,Asteraceae,Curculionidae sp12,Coleoptera,Curculionidae,1,193,0.965,200,beetle
5,March 2011,SC_C-vias,Verbena bonariensis,Verbenaceae,No visits,No visits,No visits,0,28,0.14,200,No visits
5,March 2011,SC_C-vias,Verbena intermedia,Verbenaceae,No visits,No visits,No visits,0,21,0.105,200,No visits
1,November 2010,AN_A-alfa,Adesmia sp,Fabaceae,Psaenythia sp3,Hymenoptera,Andrenidae,2,28,0.14,200,bee
1,November 2010,AN_A-alfa,Conyza bonariensis,Asteraceae,No visits,No visits,No visits,0,33,0.165,200,No visits
1,November 2010,AN_A-alfa,Gaillardia megapotamica,Asteraceae,No visits,No visits,No visits,0,5,0.025,200,No visits
1,November 2010,AN_A-alfa,Hirschfeldia incana,Brassicaceae,Apis mellifera,Hymenoptera,Apidae,13,4874,24.37,200,bee
1,November 2010,AN_A-alfa,Hirschfeldia incana,Brassicaceae,Astylus quadrilineatus,Coleoptera,Melyridae,1,4874,24.37,200,beetle
1,November 2010,AN_A-alfa,Hirschfeldia incana,Brassicaceae,Augochloropsis sp9,Hymenoptera,Halictidae,1,4874,24.37,200,bee
1,November 2010,AN_A-alfa,Hirschfeldia incana,Brassicaceae,Bombyliidae sp2,Diptera,Bombyliidae,1,4874,24.37,200,Fly
1,November 2010,AN_A-alfa,Hirschfeldia incana,Brassicaceae,Coleoptera sp1,Coleoptera,Coleoptera,1,4874,24.37,200,beetle
1,November 2010,AN_A-alfa,Hirschfeldia incana,Brassicaceae,Dialictus sp7,Hymenoptera,Halictidae,1,4874,24.37,200,bee
1,November 2010,AN_A-alfa,Hirschfeldia incana,Brassicaceae,Hemipenthes sp4,Diptera,Bombyliidae,1,4874,24.37,200,Fly
1,November 2010,AN_A-alfa,Hirschfeldia incana,Brassicaceae,Isepeolus viperinus,Hymenoptera,Apidae,1,4874,24.37,200,bee
1,November 2010,AN_A-alfa,Hirschfeldia incana,Brassicaceae,Pseudagapostemon sp1,Hymenoptera,Halictidae,1,4874,24.37,200,bee
1,November 2010,AN_A-alfa,Medicago sativa,Fabaceae,Apis mellifera,Hymenoptera,Apidae,78,9840,49.2,200,bee
1,November 2010,AN_A-alfa,Medicago sativa,Fabaceae,Psaenythia sp3,Hymenoptera,Andrenidae,1,9840,49.2,200,bee
1,November 2010,AN_A-alfa,Medicago sativa,Fabaceae,Vanessa carye,Lepidoptera,Nymphalidae,1,9840,49.2,200,butterfly
1,November 2010,AN_A-alfa,Pfaffia gnaphaloides,Amaranthaceae,No visits,No visits,No visits,0,2,0.01,200,No visits
1,November 2010,AN_A-alfa,Physalis viscosa,Solanaceae,No visits,No visits,No visits,0,4,0.02,200,No visits
1,November 2010,AN_A-alfa,Solanum elaeagnifolium,Solanaceae,No visits,No visits,No visits,0,6,0.03,200,No visits
2,December 2010,AN_A-alfa,Carduus thoermeri,Asteraceae,Apis mellifera,Hymenoptera,Apidae,11,27,0.135,200,bee
2,December 2010,AN_A-alfa,Conyza bonariensis,Asteraceae,No visits,No visits,No visits,0,41,0.205,200,No visits
2,December 2010,AN_A-alfa,Hirschfeldia incana,Brassicaceae,No visits,No visits,No visits,0,71,0.355,200,No visits
2,December 2010,AN_A-alfa,Medicago sativa,Fabaceae,Apis mellifera,Hymenoptera,Apidae,14,2307,11.535,200,bee
2,December 2010,AN_A-alfa,Medicago sativa,Fabaceae,Euptoieta claudia,Lepidoptera,Nymphalidae,3,2307,11.535,200,butterfly
2,December 2010,AN_A-alfa,Medicago sativa,Fabaceae,Trimeria sp,Hymenoptera,Vespidae,1,2307,11.535,200,other
2,December 2010,AN_A-alfa,Physalis viscosa,Solanaceae,No visits,No visits,No visits,0,2,0.01,200,No visits
2,December 2010,AN_A-alfa,Solanum elaeagnifolium,Solanaceae,No visits,No visits,No visits,0,20,0.1,200,No visits
3,January 2011,AN_A-alfa,Conyza bonariensis,Asteraceae,Tiguipa sp,Hymenoptera,Crabronidae,1,298,1.49,200,other
3,January 2011,AN_A-alfa,Cuscuta sp,Convolvulaceae,Lepidoptera sp1,Lepidoptera,Lepidoptera,1,344,1.72,200,butterfly
3,January 2011,AN_A-alfa,Cuscuta sp,Convolvulaceae,Myzinum sp2,Hymenoptera,Tiphiidae,1,344,1.72,200,other
3,January 2011,AN_A-alfa,Hirschfeldia incana,Brassicaceae,Trimeria sp,Hymenoptera,Vespidae,1,54,0.27,200,other
3,January 2011,AN_A-alfa,Medicago sativa,Fabaceae,Eucerini sp4,Hymenoptera,Apidae,2,1441,7.205,200,bee
3,January 2011,AN_A-alfa,Medicago sativa,Fabaceae,Eurema deva,Lepidoptera,Pieridae,1,1441,7.205,200,butterfly
3,January 2011,AN_A-alfa,Medicago sativa,Fabaceae,Exomalopsis sp1,Hymenoptera,Apidae,1,1441,7.205,200,bee
3,January 2011,AN_A-alfa,Medicago sativa,Fabaceae,Trimeria sp,Hymenoptera,Vespidae,2,1441,7.205,200,other
3,January 2011,AN_A-alfa,Medicago sativa,Fabaceae,Xylocopa splendidula,Hymenoptera,Apidae,1,1441,7.205,200,bee
3,January 2011,AN_A-alfa,Pfaffia gnaphaloides,Amaranthaceae,No visits,No visits,No visits,0,7,0.035,200,No visits
3,January 2011,AN_A-alfa,Physalis viscosa,Solanaceae,No visits,No visits,No visits,0,40,0.2,200,No visits
3,January 2011,AN_A-alfa,Solanum elaeagnifolium,Solanaceae,Exomalopsis sp1,Hymenoptera,Apidae,1,1446,7.23,200,bee
3,January 2011,AN_A-alfa,Solanum elaeagnifolium,Solanaceae,Psaenythia sp3,Hymenoptera,Andrenidae,2,1446,7.23,200,bee
3,January 2011,AN_A-alfa,Thelesperma megapotamicum,Asteraceae,Andrenidae sp2,Hymenoptera,Andrenidae,1,55,0.275,200,bee
3,January 2011,AN_A-alfa,Thelesperma megapotamicum,Asteraceae,Chauliognatus scriptus,Coleoptera,Cantharidae,1,55,0.275,200,beetle
3,January 2011,AN_A-alfa,Thelesperma megapotamicum,Asteraceae,Trachypus petiolatus,Hymenoptera,Crabronidae,2,55,0.275,200,other
3,January 2011,AN_A-alfa,Thelesperma megapotamicum,Asteraceae,Trimeria sp,Hymenoptera,Vespidae,1,55,0.275,200,other
3,January 2011,AN_A-alfa,Turnera sidioides,Turneraceae,Callonychium sp1,Hymenoptera,Andrenidae,1,4,0.02,200,bee
3,January 2011,AN_A-alfa,Turnera sidioides,Turneraceae,Curculionidae sp11,Coleoptera,Curculionidae,2,4,0.02,200,beetle
4,february 2011,AN_A-alfa,Conyza bonariensis,Asteraceae,Bombyliidae sp5,Diptera,Bombyliidae,1,6394,31.97,200,Fly
4,february 2011,AN_A-alfa,Conyza bonariensis,Asteraceae,Cerceris sp13,Hymenoptera,Crabronidae,1,6394,31.97,200,other
4,february 2011,AN_A-alfa,Conyza bonariensis,Asteraceae,Melissodes rufithorax,Hymenoptera,Apidae,1,6394,31.97,200,bee
4,february 2011,AN_A-alfa,Conyza bonariensis,Asteraceae,Myzinum sp2,Hymenoptera,Tiphiidae,1,6394,31.97,200,other
4,february 2011,AN_A-alfa,Conyza bonariensis,Asteraceae,Oxybelus sp7,Hymenoptera,Crabronidae,1,6394,31.97,200,other
4,february 2011,AN_A-alfa,Gaillardia megapotamica,Asteraceae,No visits,No visits,No visits,0,5,0.025,200,No visits
4,february 2011,AN_A-alfa,Hirschfeldia incana,Brassicaceae,Melissodes rufithorax,Hymenoptera,Apidae,1,46,0.23,200,bee
4,february 2011,AN_A-alfa,Medicago sativa,Fabaceae,Apis mellifera,Hymenoptera,Apidae,24,6607,33.035,200,bee
4,february 2011,AN_A-alfa,Medicago sativa,Fabaceae,Centris tricolor,Hymenoptera,Apidae,1,6607,33.035,200,bee
4,february 2011,AN_A-alfa,Medicago sativa,Fabaceae,Eucerini sp5,Hymenoptera,Apidae,1,6607,33.035,200,bee
4,february 2011,AN_A-alfa,Medicago sativa,Fabaceae,Hylephila phyleus,Lepidoptera,Hesperiidae,2,6607,33.035,200,butterfly
4,february 2011,AN_A-alfa,Medicago sativa,Fabaceae,Pyrgus communis,Lepidoptera,Hesperiidae,1,6607,33.035,200,butterfly
4,february 2011,AN_A-alfa,Medicago sativa,Fabaceae,Xylocopa ordinaria,Hymenoptera,Apidae,1,6607,33.035,200,bee
4,february 2011,AN_A-alfa,Physalis viscosa,Solanaceae,Psaenythia sp3,Hymenoptera,Andrenidae,1,4,0.02,200,bee
4,february 2011,AN_A-alfa,Salsola Kali,Chenopodiaceae,Apis mellifera,Hymenoptera,Apidae,10,15573,77.865,200,bee
4,february 2011,AN_A-alfa,Salsola Kali,Chenopodiaceae,Myzinum sp6,Hymenoptera,Tiphiidae,1,15573,77.865,200,other
4,february 2011,AN_A-alfa,Salsola Kali,Chenopodiaceae,Psaenythia sp3,Hymenoptera,Andrenidae,1,15573,77.865,200,bee
4,february 2011,AN_A-alfa,Schkuhria pinnata,Asteraceae,No visits,No visits,No visits,0,6593,32.965,200,No visits
5,March 2011,AN_A-alfa,Conyza bonariensis,Asteraceae,No visits,No visits,No visits,0,154,0.77,200,No visits
5,March 2011,AN_A-alfa,Cuscuta sp,Convolvulaceae,No visits,No visits,No visits,0,12,0.06,200,No visits
5,March 2011,AN_A-alfa,Schkuhria pinnata,Asteraceae,No visits,No visits,No visits,0,469,2.345,200,No visits
1,November 2010,AN_A-pas,Descuraina argentina,Brassicaceae,No visits,No visits,No visits,0,7,0.035,200,No visits
1,November 2010,AN_A-pas,Geranium sp,Geraniaceae,No visits,No visits,No visits,0,1,0.005,200,No visits
1,November 2010,AN_A-pas,Hirschfeldia incana,Brassicaceae,Astylus quadrilineatus,Coleoptera,Melyridae,6,21,0.105,200,beetle
1,November 2010,AN_A-pas,Vicia linearifolia,Fabaceae,No visits,No visits,No visits,0,20,0.1,200,No visits
2,December 2010,AN_A-pas,Clematis montevidensis,Ranunculaceae,No visits,No visits,No visits,0,1,0.005,200,No visits
2,December 2010,AN_A-pas,Solanum elaeagnifolium,Solanaceae,No visits,No visits,No visits,0,6,0.03,200,No visits
2,December 2010,AN_A-pas,Hirschfeldia incana,Brassicaceae,No visits,No visits,No visits,0,25,0.125,200,No visits
2,December 2010,AN_A-pas,Rapistrum rugosum,Brassicaceae,No visits,No visits,No visits,0,2,0.01,200,No visits
3,January 2011,AN_A-pas,Carduus acanthoides,Asteraceae,Augochloropsis sp9,Hymenoptera,Halictidae,1,4,0.02,200,bee
3,January 2011,AN_A-pas,Hirschfeldia incana,Brassicaceae,No visits,No visits,No visits,0,23,0.115,200,No visits
3,January 2011,AN_A-pas,Cirsium vulgare,Asteraceae,No visits,No visits,No visits,0,1,0.005,200,No visits
3,January 2011,AN_A-pas,Centaurea solstitialis,Asteraceae,No visits,No visits,No visits,0,1,0.005,200,No visits
4,february 2011,AN_A-pas,Carduus acanthoides,Asteraceae,Megachile (Acentron) sp3,Hymenoptera,Megachilidae,1,10,0.05,200,bee
4,february 2011,AN_A-pas,Carduus acanthoides,Asteraceae,Tatochila sp,Lepidoptera,Pieridae,1,10,0.05,200,butterfly
4,february 2011,AN_A-pas,Conyza bonariensis,Asteraceae,Cerceris sp13,Hymenoptera,Crabronidae,2,684,3.42,200,other
4,february 2011,AN_A-pas,Conyza bonariensis,Asteraceae,Cerceris sp14,Hymenoptera,Crabronidae,1,684,3.42,200,other
4,february 2011,AN_A-pas,Conyza bonariensis,Asteraceae,Lygaeidae sp1,Hemiptera,Lygaeidae,1,684,3.42,200,other
4,february 2011,AN_A-pas,Conyza bonariensis,Asteraceae,Tachysphex sp,Hymenoptera,Crabronidae,1,684,3.42,200,other
4,february 2011,AN_A-pas,Gamochaeta sp,Asteraceae,No visits,No visits,No visits,0,36,0.18,200,No visits
4,february 2011,AN_A-pas,Hirschfeldia incana,Brassicaceae,No visits,No visits,No visits,0,8,0.04,200,No visits
5,March 2011,AN_A-pas,Cirsium vulgare,Asteraceae,No visits,No visits,No visits,0,5,0.025,200,No visits
5,March 2011,AN_A-pas,Carduus acanthoides,Asteraceae,No visits,No visits,No visits,0,5,0.025,200,No visits
5,March 2011,AN_A-pas,Gamochaeta sp,Asteraceae,No visits,No visits,No visits,0,21,0.105,200,No visits
5,March 2011,AN_A-pas,Conyza bonariensis,Asteraceae,Bombyliidae sp5,Diptera,Bombyliidae,1,1530,7.65,200,Fly
5,March 2011,AN_A-pas,Conyza bonariensis,Asteraceae,Dialictus sp8,Hymenoptera,Halictidae,1,1530,7.65,200,bee
5,March 2011,AN_A-pas,Hirschfeldia incana,Brassicaceae,No visits,No visits,No visits,0,9,0.045,200,No visits
5,March 2011,AN_A-pas,Pfaffia gnaphaloides,Amaranthaceae,No visits,No visits,No visits,0,1,0.005,200,No visits
1,November 2010,AN_C-alfa,Condalia microphylla,Rhamnaceae,Ammophila sp,Hymenoptera,Sphecidae,1,38778,193.89,200,other
1,November 2010,AN_C-alfa,Condalia microphylla,Rhamnaceae,Colletes sp4,Hymenoptera,Colletidae,1,38778,193.89,200,bee
1,November 2010,AN_C-alfa,Marrubium vulgare,Lamiaceae,Coelioxys sp,Hymenoptera,Megachilidae,1,6,0.03,200,bee
1,November 2010,AN_C-alfa,Nierembergia aristata,Solanaceae,No visits,No visits,No visits,0,39,0.195,200,No visits
1,November 2010,AN_C-alfa,Pfaffia gnaphaloides,Amaranthaceae,No visits,No visits,No visits,0,11,0.055,200,No visits
1,November 2010,AN_C-alfa,Rhynchosia senna,Fabaceae,No visits,No visits,No visits,0,45,0.225,200,No visits
1,November 2010,AN_C-alfa,Solanum juvenale,Solanaceae,Astylus quadrilineatus,Coleoptera,Melyridae,1,347,1.735,200,beetle
1,November 2010,AN_C-alfa,Sphaeralcea crispa,Malvaceae,Astylus sp1,Coleoptera,Melyridae,1,30,0.15,200,beetle
1,November 2010,AN_C-alfa,Sphaeralcea crispa,Malvaceae,Callonychium sp1,Hymenoptera,Andrenidae,1,30,0.15,200,bee
1,November 2010,AN_C-alfa,Sphaeralcea crispa,Malvaceae,Dialictus sp5,Hymenoptera,Halictidae,1,30,0.15,200,bee
1,November 2010,AN_C-alfa,Sphaeralcea crispa,Malvaceae,Rophitulus sp,Hymenoptera,Andrenidae,5,30,0.15,200,bee
1,November 2010,AN_C-alfa,Turnera sidioides,Turneraceae,No visits,No visits,No visits,0,3,0.015,200,No visits
2,December 2010,AN_C-alfa,Sphaeralcea crispa,Malvaceae,No visits,No visits,No visits,0,2,0.01,200,No visits
3,January 2011,AN_C-alfa,no florwers,no florwers,No visits,No visits,No visits,0,0,0,200,No visits
4,february 2011,AN_C-alfa,no florwers,no florwers,No visits,No visits,No visits,0,0,0,200,No visits
5,March 2011,AN_C-alfa,Bidens pilosa,Asteraceae,No visits,No visits,No visits,0,476,2.38,200,No visits
1,November 2010,AN_C-pas,Aloysia gratissima,Verbenaceae,No visits,No visits,No visits,0,30,0.15,200,No visits
1,November 2010,AN_C-pas,Clematis montevidensis,Ranunculaceae,Astylus sp1,Coleoptera,Melyridae,1,24,0.12,200,beetle
1,November 2010,AN_C-pas,Clematis montevidensis,Ranunculaceae,Pachyminixi sp.,Hymenoptera,Vespidae,1,24,0.12,200,other
1,November 2010,AN_C-pas,Condalia microphylla,Rhamnaceae,No visits,No visits,No visits,0,2664,13.32,200,No visits
1,November 2010,AN_C-pas,Glandularia hookeriana,Verbenaceae,No visits,No visits,No visits,0,6,0.03,200,No visits
1,November 2010,AN_C-pas,Lycium chilense,Solanaceae,No visits,No visits,No visits,0,6,0.03,200,No visits
1,November 2010,AN_C-pas,Nierembergia aristata,Solanaceae,No visits,No visits,No visits,0,2,0.01,200,No visits
1,November 2010,AN_C-pas,Pfaffia gnaphaloides,Amaranthaceae,No visits,No visits,No visits,0,12,0.06,200,No visits
1,November 2010,AN_C-pas,Prosopidastrum globosum,Fabaceae,No visits,No visits,No visits,0,24,0.12,200,No visits
1,November 2010,AN_C-pas,Discaria sp,Rhamnaceae,No visits,No visits,No visits,0,380,1.9,200,No visits
1,November 2010,AN_C-pas,Rhynchosia senna,Fabaceae,Dialictus sp4,Hymenoptera,Halictidae,1,473,2.365,200,bee
1,November 2010,AN_C-pas,Rhynchosia senna,Fabaceae,Dialictus sp8,Hymenoptera,Halictidae,1,473,2.365,200,bee
1,November 2010,AN_C-pas,Solanum elaeagnifolium,Solanaceae,No visits,No visits,No visits,0,28,0.14,200,No visits
1,November 2010,AN_C-pas,Solanum juvenale,Solanaceae,No visits,No visits,No visits,0,2,0.01,200,No visits
1,November 2010,AN_C-pas,Turnera sidioides,Turneraceae,No visits,No visits,No visits,0,1,0.005,200,No visits
1,November 2010,AN_C-pas,Viguiera anchusaefolia,Asteraceae,Ammophila sp,Hymenoptera,Sphecidae,1,53,0.265,200,other
1,November 2010,AN_C-pas,Viguiera anchusaefolia,Asteraceae,Astylus quadrilineatus,Coleoptera,Melyridae,1,53,0.265,200,beetle
1,November 2010,AN_C-pas,Viguiera anchusaefolia,Asteraceae,Bruchidius endotubercularis ,Coleoptera,Chrysomelidae,4,53,0.265,200,beetle
1,November 2010,AN_C-pas,Viguiera anchusaefolia,Asteraceae,Callonychium sp1,Hymenoptera,Andrenidae,1,53,0.265,200,bee
1,November 2010,AN_C-pas,Viguiera anchusaefolia,Asteraceae,Chrysopidae sp1,Neuroptera,Chrysopidae,7,53,0.265,200,other
1,November 2010,AN_C-pas,Viguiera anchusaefolia,Asteraceae,Dialictus sp5,Hymenoptera,Halictidae,1,53,0.265,200,bee
2,December 2010,AN_C-pas,Bidens pilosa,Asteraceae,No visits,No visits,No visits,0,20,0.1,200,No visits
2,December 2010,AN_C-pas,Baccharis gilliesii,Asteraceae,Bombyliidae sp6,Diptera,Bombyliidae,1,119,0.595,200,Fly
2,December 2010,AN_C-pas,Pfaffia gnaphaloides,Amaranthaceae,No visits,No visits,No visits,0,13,0.065,200,No visits
2,December 2010,AN_C-pas,Prosopidastrum globosum,Fabaceae,No visits,No visits,No visits,0,24,0.12,200,No visits
3,January 2011,AN_C-pas,Aloysia gratissima,Verbenaceae,Xylocopa splendidula,Hymenoptera,Apidae,1,289,1.445,200,bee
3,January 2011,AN_C-pas,Baccharis ulicina,Asteraceae,Ammophila sp,Hymenoptera,Sphecidae,1,31,0.155,200,other
3,January 2011,AN_C-pas,Glandularia hookeriana,Verbenaceae,No visits,No visits,No visits,0,15,0.075,200,No visits
3,January 2011,AN_C-pas,Bidens pilosa,Asteraceae,No visits,No visits,No visits,0,4,0.02,200,No visits
3,January 2011,AN_C-pas,Nierembergia aristata,Solanaceae,No visits,No visits,No visits,0,5,0.025,200,No visits
3,January 2011,AN_C-pas,Pfaffia gnaphaloides,Amaranthaceae,No visits,No visits,No visits,0,5,0.025,200,No visits
3,January 2011,AN_C-pas,Rhynchosia senna,Fabaceae,No visits,No visits,No visits,0,18,0.09,200,No visits
3,January 2011,AN_C-pas,Solanum elaeagnifolium,Solanaceae,No visits,No visits,No visits,0,3,0.015,200,No visits
3,January 2011,AN_C-pas,Solanum juvenale,Solanaceae,No visits,No visits,No visits,0,1,0.005,200,No visits
3,January 2011,AN_C-pas,Sphaeralcea crispa,Malvaceae,Andrenidae sp2,Hymenoptera,Andrenidae,1,1,0.005,200,bee
3,January 2011,AN_C-pas,Thelesperma megapotamicum,Asteraceae,Bruchidius endotubercularis ,Coleoptera,Chrysomelidae,3,4,0.02,200,beetle
4,february 2011,AN_C-pas,Baccharis ulicina,Asteraceae,Ammophila sp,Hymenoptera,Sphecidae,1,3874,19.37,200,other
4,february 2011,AN_C-pas,Baccharis ulicina,Asteraceae,Andrenidae sp3,Hymenoptera,Andrenidae,1,3874,19.37,200,bee
4,february 2011,AN_C-pas,Baccharis ulicina,Asteraceae,Augochloropsis sp.7,Hymenoptera,Halictidae,1,3874,19.37,200,bee
4,february 2011,AN_C-pas,Baccharis ulicina,Asteraceae,Bombyliidae sp8,Diptera,Bombyliidae,1,3874,19.37,200,Fly
4,february 2011,AN_C-pas,Baccharis ulicina,Asteraceae,Colletes bicolor,Hymenoptera,Colletidae,1,3874,19.37,200,bee
4,february 2011,AN_C-pas,Baccharis ulicina,Asteraceae,Colletes sp4,Hymenoptera,Colletidae,2,3874,19.37,200,bee
4,february 2011,AN_C-pas,Baccharis ulicina,Asteraceae,Heteroptera sp1,Hemiptera,Heteroptera,2,3874,19.37,200,other
4,february 2011,AN_C-pas,Baccharis ulicina,Asteraceae,Pachyminixi sp3,Hymenoptera,Vespidae,1,3874,19.37,200,other
4,february 2011,AN_C-pas,Baccharis ulicina,Asteraceae,Pseudodoros clavatus,Diptera,Syrphidae,1,3874,19.37,200,Fly
4,february 2011,AN_C-pas,Baccharis ulicina,Asteraceae,Tachinidae sp41,Diptera,Tachinidae,1,3874,19.37,200,Fly
4,february 2011,AN_C-pas,Baccharis ulicina,Asteraceae,Villa sp1,Diptera,Bombyliidae,1,3874,19.37,200,Fly
4,february 2011,AN_C-pas,Bidens pilosa,Asteraceae,No visits,No visits,No visits,0,19,0.095,200,No visits
4,february 2011,AN_C-pas,Glandularia hookeriana,Verbenaceae,No visits,No visits,No visits,0,9,0.045,200,No visits
4,february 2011,AN_C-pas,Pfaffia gnaphaloides,Amaranthaceae,No visits,No visits,No visits,0,3,0.015,200,No visits
4,february 2011,AN_C-pas,Rhynchosia senna,Fabaceae,No visits,No visits,No visits,0,3,0.015,200,No visits
4,february 2011,AN_C-pas,Verbena intermedia,Verbenaceae,No visits,No visits,No visits,0,6,0.03,200,No visits
4,february 2011,AN_C-pas,Viguiera anchusaefolia,Asteraceae,No visits,No visits,No visits,0,65,0.325,200,No visits
5,March 2011,AN_C-pas,Bidens pilosa,Asteraceae,No visits,No visits,No visits,0,41,0.205,200,No visits
5,March 2011,AN_C-pas,Lycium chilense,Solanaceae,No visits,No visits,No visits,0,2,0.01,200,No visits
5,March 2011,AN_C-pas,Prosopidastrum globosum,Fabaceae,No visits,No visits,No visits,0,1,0.005,200,No visits
1,November 2010,LC_A-1,Acmella decumbens,Asteraceae,Dialictus sp1,Hymenoptera,Halictidae,1,1,0.005,200,bee
1,November 2010,LC_A-1,Aster squamatus,Asteraceae,No visits,No visits,No visits,0,83,0.415,200,No visits
1,November 2010,LC_A-1,Centaurium pulchellum,Gentianacae,No visits,No visits,No visits,0,7,0.035,200,No visits
1,November 2010,LC_A-1,Cypella herbertii,Iridaceae,Dialictus sp1,Hymenoptera,Halictidae,1,50,0.25,200,bee
1,November 2010,LC_A-1,Cypella herbertii,Iridaceae,Oxysarcodexia varia,Diptera,Sarcophagidae,1,50,0.25,200,Fly
1,November 2010,LC_A-1,Linum usitatissimum,Linaceae,No visits,No visits,No visits,0,2,0.01,200,No visits
1,November 2010,LC_A-1,Lotus tenuis,Fabaceae,No visits,No visits,No visits,0,408,2.04,200,No visits
1,November 2010,LC_A-1,Lythrum hyssopifolia,Lythraceae,Toxomerus sp,Diptera,Syrphidae,2,947,4.735,200,Fly
1,November 2010,LC_A-1,Pamphalea bupleurifolia,Asteraceae,No visits,No visits,No visits,0,10,0.05,200,No visits
1,November 2010,LC_A-1,Picrosia longifolia,Asteraceae,Toxomerus sp,Diptera,Syrphidae,1,10,0.05,200,Fly
1,November 2010,LC_A-1,Sisyrinchium platense,Iridaceae,Toxomerus sp,Diptera,Syrphidae,2,557,2.785,200,Fly
2,December 2010,LC_A-1,Acmella decumbens,Asteraceae,Tephritidae sp2,Diptera,Tephritidae,1,1,0.005,200,Fly
2,December 2010,LC_A-1,Centaurium pulchellum,Gentianacae,No visits,No visits,No visits,0,4707,23.535,200,No visits
2,December 2010,LC_A-1,Cypella herbertii,Iridaceae,No visits,No visits,No visits,0,38,0.19,200,No visits
2,December 2010,LC_A-1,Eryngium coronatum,Apiaceae,No visits,No visits,No visits,0,1,0.005,200,No visits
2,December 2010,LC_A-1,Eryngium ebracteatum,Apiaceae,Allograpta exotica,Diptera,Syrphidae,4,97,0.485,200,Fly
2,December 2010,LC_A-1,Eryngium ebracteatum,Apiaceae,Chauliognatus scriptus,Coleoptera,Cantharidae,2,97,0.485,200,beetle
2,December 2010,LC_A-1,Eryngium ebracteatum,Apiaceae,Oxysarcodexia varia,Diptera,Sarcophagidae,4,97,0.485,200,Fly
2,December 2010,LC_A-1,Eryngium ebracteatum,Apiaceae,Tiphia sp,Hymenoptera,Tiphiidae,1,97,0.485,200,other
2,December 2010,LC_A-1,Hypochaeris radicata,Asteraceae,No visits,No visits,No visits,0,1,0.005,200,No visits
2,December 2010,LC_A-1,Linum usitatissimum,Linaceae,No visits,No visits,No visits,0,1,0.005,200,No visits
2,December 2010,LC_A-1,Lotus tenuis,Fabaceae,No visits,No visits,No visits,0,5752,28.76,200,No visits
2,December 2010,LC_A-1,Malvella leprosa,Malvaceae,No visits,No visits,No visits,0,3,0.015,200,No visits
2,December 2010,LC_A-1,Mentha pulegium,Lamiaceae,No visits,No visits,No visits,0,2,0.01,200,No visits
2,December 2010,LC_A-1,Pamphalea bupleurifolia,Asteraceae,No visits,No visits,No visits,0,2,0.01,200,No visits
2,December 2010,LC_A-1,Sisyrinchium platense,Iridaceae,No visits,No visits,No visits,0,200,1,200,No visits
3,January 2011,LC_A-1,Acmella decumbens,Asteraceae,Dialictus sp1,Hymenoptera,Halictidae,1,2,0.01,200,bee
3,January 2011,LC_A-1,Centaurium pulchellum,Gentianacae,No visits,No visits,No visits,0,134,0.67,200,No visits
3,January 2011,LC_A-1,Cypella herbertii,Iridaceae,No visits,No visits,No visits,0,7,0.035,200,No visits
3,January 2011,LC_A-1,Eryngium coronatum,Apiaceae,No visits,No visits,No visits,0,40,0.2,200,No visits
3,January 2011,LC_A-1,Eryngium ebracteatum,Apiaceae,Coleoptera sp6,Coleoptera,Coleoptera,3,223,1.115,200,beetle
3,January 2011,LC_A-1,Eryngium ebracteatum,Apiaceae,Myzinum sp5,Hymenoptera,Tiphiidae,1,223,1.115,200,other
3,January 2011,LC_A-1,Eryngium ebracteatum,Apiaceae,Oxysarcodexia varia,Diptera,Sarcophagidae,19,223,1.115,200,Fly
3,January 2011,LC_A-1,Eryngium ebracteatum,Apiaceae,Tricharaea occidua,Diptera,Sarcophagidae,9,223,1.115,200,Fly
3,January 2011,LC_A-1,Hypochaeris radicata,Asteraceae,No visits,No visits,No visits,0,1,0.005,200,No visits
3,January 2011,LC_A-1,Lotus tenuis,Fabaceae,No visits,No visits,No visits,0,7878,39.39,200,No visits
3,January 2011,LC_A-1,Mentha pulegium,Lamiaceae,No visits,No visits,No visits,0,16,0.08,200,No visits
3,January 2011,LC_A-1,Nothoscordum nudicaule,Alliaceae,Dialictus sp1,Hymenoptera,Halictidae,4,260,1.3,200,bee
3,January 2011,LC_A-1,Pamphalea bupleurifolia,Asteraceae,No visits,No visits,No visits,0,1,0.005,200,No visits
3,January 2011,LC_A-1,Phyla canescens,Verbenaceae,No visits,No visits,No visits,0,24,0.12,200,No visits
3,January 2011,LC_A-1,Senecio pulcher,Asteraceae,No visits,No visits,No visits,0,1,0.005,200,No visits
3,January 2011,LC_A-1,Sisyrinchium platense,Iridaceae,No visits,No visits,No visits,0,3,0.015,200,No visits
4,february 2011,LC_A-1,Acmella decumbens,Asteraceae,No visits,No visits,No visits,0,1,0.005,200,No visits
4,february 2011,LC_A-1,Aster squamatus,Asteraceae,No visits,No visits,No visits,0,18,0.09,200,No visits
4,february 2011,LC_A-1,Baccharis pingraea,Asteraceae,Dialictus sp1,Hymenoptera,Halictidae,1,86,0.43,200,bee
4,february 2011,LC_A-1,Centaurium pulchellum,Gentianacae,No visits,No visits,No visits,0,109,0.545,200,No visits
4,february 2011,LC_A-1,Cypella herbertii,Iridaceae,No visits,No visits,No visits,0,4,0.02,200,No visits
4,february 2011,LC_A-1,Eryngium coronatum,Apiaceae,No visits,No visits,No visits,0,34,0.17,200,No visits
4,february 2011,LC_A-1,Eryngium ebracteatum,Apiaceae,Chauliognatus scriptus,Coleoptera,Cantharidae,1,140,0.7,200,beetle
4,february 2011,LC_A-1,Eryngium ebracteatum,Apiaceae,Coleoptera sp6,Coleoptera,Coleoptera,2,140,0.7,200,beetle
4,february 2011,LC_A-1,Eryngium ebracteatum,Apiaceae,Oxysarcodexia varia,Diptera,Sarcophagidae,18,140,0.7,200,Fly
4,february 2011,LC_A-1,Eryngium ebracteatum,Apiaceae,Tachinidae sp2,Diptera,Tachinidae,1,140,0.7,200,Fly
4,february 2011,LC_A-1,Eryngium ebracteatum,Apiaceae,Tricharaea occidua,Diptera,Sarcophagidae,38,140,0.7,200,Fly
4,february 2011,LC_A-1,Agalinis communis,Orobanchaceae,No visits,No visits,No visits,0,4,0.02,200,No visits
4,february 2011,LC_A-1,Lotus tenuis,Fabaceae,Lerodea eufala,Lepidoptera,Hesperiidae,1,3396,16.98,200,butterfly
4,february 2011,LC_A-1,Mentha pulegium,Lamiaceae,No visits,No visits,No visits,0,3,0.015,200,No visits
4,february 2011,LC_A-1,Nothoscordum nudicaule,Alliaceae,Dialictus sp1,Hymenoptera,Halictidae,1,25,0.125,200,bee
4,february 2011,LC_A-1,Noticastrum acuminatum,Asteraceae,Dialictus sp1,Hymenoptera,Halictidae,1,4,0.02,200,bee
4,february 2011,LC_A-1,Phyla canescens,Verbenaceae,No visits,No visits,No visits,0,32,0.16,200,No visits
4,february 2011,LC_A-1,Senecio pulcher,Asteraceae,No visits,No visits,No visits,0,4,0.02,200,No visits
5,March 2011,LC_A-1,Aster squamatus,Asteraceae,No visits,No visits,No visits,0,64,0.32,200,No visits
5,March 2011,LC_A-1,Centaurium pulchellum,Gentianacae,No visits,No visits,No visits,0,22,0.11,200,No visits
5,March 2011,LC_A-1,Hypochaeris radicata,Asteraceae,No visits,No visits,No visits,0,1,0.005,200,No visits
5,March 2011,LC_A-1,Linum usitatissimum,Linaceae,No visits,No visits,No visits,0,1,0.005,200,No visits
5,March 2011,LC_A-1,Eryngium ebracteatum,Apiaceae,Blaesoxipha sp,Diptera,Sarcophagidae,1,8,0.04,200,Fly
5,March 2011,LC_A-1,Eryngium ebracteatum,Apiaceae,Oxysarcodexia varia,Diptera,Sarcophagidae,3,8,0.04,200,Fly
1,November 2010,LC_A-2,Anagallis arvensis,Primulaceae,No visits,No visits,No visits,0,2,0.01,200,No visits
1,November 2010,LC_A-2,Aster squamatus,Asteraceae,Toxomerus sp,Diptera,Syrphidae,1,83,0.415,200,Fly
1,November 2010,LC_A-2,Cuphea glutinosa,Lythraceae,No visits,No visits,No visits,0,5,0.025,200,No visits
1,November 2010,LC_A-2,Cypella herbertii,Iridaceae,Chalepogenus roitmani,Hymenoptera,Apidae,1,194,0.97,200,bee
1,November 2010,LC_A-2,Cypella herbertii,Iridaceae,Oxysarcodexia varia,Diptera,Sarcophagidae,1,194,0.97,200,Fly
1,November 2010,LC_A-2,Hydrocotyle sp,ÊAraliaceas,No visits,No visits,No visits,0,7,0.035,200,No visits
1,November 2010,LC_A-2,Hypochaeris radicata,Asteraceae,No visits,No visits,No visits,0,1,0.005,200,No visits
1,November 2010,LC_A-2,Linum usitatissimum,Linaceae,No visits,No visits,No visits,0,8,0.04,200,No visits
1,November 2010,LC_A-2,Lotus tenuis,Fabaceae,No visits,No visits,No visits,0,108,0.54,200,No visits
1,November 2010,LC_A-2,Lythrum hyssopifolia,Lythraceae,Toxomerus sp,Diptera,Syrphidae,7,1411,7.055,200,Fly
1,November 2010,LC_A-2,Nothoscordum nudicaule,Alliaceae,No visits,No visits,No visits,0,13,0.065,200,No visits
1,November 2010,LC_A-2,Pamphalea bupleurifolia,Asteraceae,No visits,No visits,No visits,0,5,0.025,200,No visits
1,November 2010,LC_A-2,Phyla canescens,Verbenaceae,No visits,No visits,No visits,0,7,0.035,200,No visits
1,November 2010,LC_A-2,Polygala linoides,Polygalaceae,No visits,No visits,No visits,0,13,0.065,200,No visits
1,November 2010,LC_A-2,Scutellaria racemosa,Lamiaceae,No visits,No visits,No visits,0,4,0.02,200,No visits
1,November 2010,LC_A-2,Sisyrinchium platense,Iridaceae,Lerodea eufala,Lepidoptera,Hesperiidae,1,754,3.77,200,butterfly
1,November 2010,LC_A-2,Sisyrinchium platense,Iridaceae,Toxomerus sp,Diptera,Syrphidae,2,754,3.77,200,Fly
1,November 2010,LC_A-2,Herbertia lahue,Iridaceae,No visits,No visits,No visits,0,3,0.015,200,No visits
2,December 2010,LC_A-2,Centaurium pulchellum,Gentianacae,No visits,No visits,No visits,0,4925,24.625,200,No visits
2,December 2010,LC_A-2,Cypella herbertii,Iridaceae,No visits,No visits,No visits,0,88,0.44,200,No visits
2,December 2010,LC_A-2,Eryngium ebracteatum,Apiaceae,Allograpta exotica,Diptera,Syrphidae,2,38,0.19,200,Fly
2,December 2010,LC_A-2,Eryngium ebracteatum,Apiaceae,Oxysarcodexia varia,Diptera,Sarcophagidae,2,38,0.19,200,Fly
2,December 2010,LC_A-2,Lotus tenuis,Fabaceae,No visits,No visits,No visits,0,292,1.46,200,No visits
2,December 2010,LC_A-2,Malvella leprosa,Malvaceae,No visits,No visits,No visits,0,1,0.005,200,No visits
2,December 2010,LC_A-2,Mentha pulegium,Lamiaceae,No visits,No visits,No visits,0,33,0.165,200,No visits
2,December 2010,LC_A-2,Phyla canescens,Verbenaceae,No visits,No visits,No visits,0,18,0.09,200,No visits
2,December 2010,LC_A-2,Sisyrinchium platense,Iridaceae,No visits,No visits,No visits,0,316,1.58,200,No visits
3,January 2011,LC_A-2,Centaurium pulchellum,Gentianacae,No visits,No visits,No visits,0,299,1.495,200,No visits
3,January 2011,LC_A-2,Cypella herbertii,Iridaceae,No visits,No visits,No visits,0,18,0.09,200,No visits
3,January 2011,LC_A-2,Eryngium coronatum,Apiaceae,Dialictus sp1,Hymenoptera,Halictidae,3,64,0.32,200,bee
3,January 2011,LC_A-2,Eryngium ebracteatum,Apiaceae,Chauliognatus scriptus,Coleoptera,Cantharidae,4,152,0.76,200,beetle
3,January 2011,LC_A-2,Eryngium ebracteatum,Apiaceae,Coleoptera sp4,Coleoptera,Coleoptera,1,152,0.76,200,beetle
3,January 2011,LC_A-2,Eryngium ebracteatum,Apiaceae,Coleoptera sp6,Coleoptera,Coleoptera,2,152,0.76,200,beetle
3,January 2011,LC_A-2,Eryngium ebracteatum,Apiaceae,Oxysarcodexia varia,Diptera,Sarcophagidae,9,152,0.76,200,Fly
3,January 2011,LC_A-2,Eryngium ebracteatum,Apiaceae,Tricharaea occidua,Diptera,Sarcophagidae,9,152,0.76,200,Fly
3,January 2011,LC_A-2,Agalinis communis,Orobanchaceae,No visits,No visits,No visits,0,3,0.015,200,No visits
3,January 2011,LC_A-2,Hypochaeris radicata,Asteraceae,No visits,No visits,No visits,0,1,0.005,200,No visits
3,January 2011,LC_A-2,Lotus tenuis,Fabaceae,No visits,No visits,No visits,0,1251,6.255,200,No visits
3,January 2011,LC_A-2,Mentha pulegium,Lamiaceae,No visits,No visits,No visits,0,36,0.18,200,No visits
3,January 2011,LC_A-2,Nothoscordum nudicaule,Alliaceae,Dialictus sp1,Hymenoptera,Halictidae,2,318,1.59,200,bee
3,January 2011,LC_A-2,Phyla canescens,Verbenaceae,No visits,No visits,No visits,0,46,0.23,200,No visits
4,february 2011,LC_A-2,Aster squamatus,Asteraceae,No visits,No visits,No visits,0,25,0.125,200,No visits
4,february 2011,LC_A-2,Centaurium pulchellum,Gentianacae,No visits,No visits,No visits,0,50,0.25,200,No visits
4,february 2011,LC_A-2,Cuphea glutinosa,Lythraceae,No visits,No visits,No visits,0,4,0.02,200,No visits
4,february 2011,LC_A-2,Cypella herbertii,Iridaceae,No visits,No visits,No visits,0,2,0.01,200,No visits
4,february 2011,LC_A-2,Eryngium coronatum,Apiaceae,No visits,No visits,No visits,0,24,0.12,200,No visits
4,february 2011,LC_A-2,Eryngium ebracteatum,Apiaceae,Coleoptera sp4,Coleoptera,Coleoptera,1,119,0.595,200,beetle
4,february 2011,LC_A-2,Eryngium ebracteatum,Apiaceae,Lampyridae sp1,Coleoptera,Lampyridae,1,119,0.595,200,beetle
4,february 2011,LC_A-2,Eryngium ebracteatum,Apiaceae,Oxysarcodexia varia,Diptera,Sarcophagidae,33,119,0.595,200,Fly
4,february 2011,LC_A-2,Eryngium ebracteatum,Apiaceae,Tricharaea occidua,Diptera,Sarcophagidae,56,119,0.595,200,Fly
4,february 2011,LC_A-2,Agalinis communis,Orobanchaceae,No visits,No visits,No visits,0,9,0.045,200,No visits
4,february 2011,LC_A-2,Hypochaeris radicata,Asteraceae,No visits,No visits,No visits,0,2,0.01,200,No visits
4,february 2011,LC_A-2,Lotus tenuis,Fabaceae,No visits,No visits,No visits,0,198,0.99,200,No visits
4,february 2011,LC_A-2,Mentha pulegium,Lamiaceae,No visits,No visits,No visits,0,23,0.115,200,No visits
4,february 2011,LC_A-2,Nothoscordum nudicaule,Alliaceae,No visits,No visits,No visits,0,21,0.105,200,No visits
4,february 2011,LC_A-2,Oxalis sp,Oxalidaceae,No visits,No visits,No visits,0,1,0.005,200,No visits
4,february 2011,LC_A-2,Pamphalea bupleurifolia,Asteraceae,No visits,No visits,No visits,0,1,0.005,200,No visits
4,february 2011,LC_A-2,Phyla canescens,Verbenaceae,No visits,No visits,No visits,0,22,0.11,200,No visits
4,february 2011,LC_A-2,Stemodia lanceolata,Plantaginaceae,No visits,No visits,No visits,0,3,0.015,200,No visits
5,March 2011,LC_A-2,Aster squamatus,Asteraceae,No visits,No visits,No visits,0,8,0.04,200,No visits
5,March 2011,LC_A-2,Centaurium pulchellum,Gentianacae,No visits,No visits,No visits,0,2,0.01,200,No visits
5,March 2011,LC_A-2,Conyza bonariensis,Asteraceae,No visits,No visits,No visits,0,5,0.025,200,No visits
5,March 2011,LC_A-2,Eryngium ebracteatum,Apiaceae,Tricharaea occidua,Diptera,Sarcophagidae,1,17,0.085,200,No visits
5,March 2011,LC_A-2,Agalinis communis,Orobanchaceae,No visits,No visits,No visits,0,3,0.015,200,No visits
5,March 2011,LC_A-2,Hypochaeris radicata,Asteraceae,No visits,No visits,No visits,0,2,0.01,200,No visits
5,March 2011,LC_A-2,Linum usitatissimum,Linaceae,No visits,No visits,No visits,0,1,0.005,200,No visits
5,March 2011,LC_A-2,Lotus tenuis,Fabaceae,No visits,No visits,No visits,0,2,0.01,200,No visits
5,March 2011,LC_A-2,Oxalis sp,Oxalidaceae,No visits,No visits,No visits,0,11,0.055,200,No visits
1,November 2010,LC_Cl,Acmella decumbens,Asteraceae,No visits,No visits,No visits,0,1,0.005,200,No visits
1,November 2010,LC_Cl,Aster squamatus,Asteraceae,No visits,No visits,No visits,0,40,0.2,200,No visits
1,November 2010,LC_Cl,Cypella herbertii,Iridaceae,No visits,No visits,No visits,0,11,0.055,200,No visits
1,November 2010,LC_Cl,Eryngium ebracteatum,Apiaceae,Aristosyrphus sp,Diptera,Syrphidae,1,7,0.035,200,Fly
1,November 2010,LC_Cl,Lythrum hyssopifolia,Lythraceae,No visits,No visits,No visits,0,81,0.405,200,No visits
1,November 2010,LC_Cl,Nothoscordum nudicaule,Alliaceae,No visits,No visits,No visits,0,6,0.03,200,No visits
1,November 2010,LC_Cl,Pamphalea bupleurifolia,Asteraceae,No visits,No visits,No visits,0,1,0.005,200,No visits
1,November 2010,LC_Cl,Phyla canescens,Verbenaceae,No visits,No visits,No visits,0,1,0.005,200,No visits
1,November 2010,LC_Cl,Sisyrinchium platense,Iridaceae,No visits,No visits,No visits,0,149,0.745,200,No visits
2,December 2010,LC_Cl,Eryngium ebracteatum,Apiaceae,Allograpta exotica,Diptera,Syrphidae,9,110,0.55,200,Fly
2,December 2010,LC_Cl,Eryngium ebracteatum,Apiaceae,Chauliognatus scriptus,Coleoptera,Cantharidae,3,110,0.55,200,beetle
2,December 2010,LC_Cl,Centaurium pulchellum,Gentianacae,No visits,No visits,No visits,0,67,0.335,200,No visits
2,December 2010,LC_Cl,Cypella herbertii,Iridaceae,No visits,No visits,No visits,0,12,0.06,200,No visits
2,December 2010,LC_Cl,Hypochaeris radicata,Asteraceae,No visits,No visits,No visits,0,1,0.005,200,No visits
2,December 2010,LC_Cl,Lotus tenuis,Fabaceae,No visits,No visits,No visits,0,3,0.015,200,No visits
2,December 2010,LC_Cl,Malvella leprosa,Malvaceae,No visits,No visits,No visits,0,2,0.01,200,No visits
2,December 2010,LC_Cl,Pamphalea bupleurifolia,Asteraceae,No visits,No visits,No visits,0,2,0.01,200,No visits
2,December 2010,LC_Cl,Phyla canescens,Verbenaceae,No visits,No visits,No visits,0,2,0.01,200,No visits
2,December 2010,LC_Cl,Sisyrinchium platense,Iridaceae,No visits,No visits,No visits,0,12,0.06,200,No visits
3,January 2011,LC_Cl,Cypella herbertii,Iridaceae,No visits,No visits,No visits,0,2,0.01,200,No visits
3,January 2011,LC_Cl,Mentha pulegium,Lamiaceae,No visits,No visits,No visits,0,53,0.265,200,No visits
3,January 2011,LC_Cl,Centaurium pulchellum,Gentianacae,No visits,No visits,No visits,0,2,0.01,200,No visits
4,february 2011,LC_Cl,Baccharis pingraea,Asteraceae,No visits,No visits,No visits,0,7,0.035,200,No visits
4,february 2011,LC_Cl,Aster squamatus,Asteraceae,No visits,No visits,No visits,0,2,0.01,200,No visits
4,february 2011,LC_Cl,Centaurium pulchellum,Gentianacae,No visits,No visits,No visits,0,16,0.08,200,No visits
4,february 2011,LC_Cl,Cirsium vulgare,Asteraceae,No visits,No visits,No visits,0,1,0.005,200,No visits
4,february 2011,LC_Cl,Cypella herbertii,Iridaceae,No visits,No visits,No visits,0,1,0.005,200,No visits
4,february 2011,LC_Cl,Eryngium ebracteatum,Apiaceae,No visits,No visits,No visits,0,1,0.005,200,No visits
4,february 2011,LC_Cl,Lotus tenuis,Fabaceae,No visits,No visits,No visits,0,3,0.015,200,No visits
5,March 2011,LC_Cl,Aster squamatus,Asteraceae,No visits,No visits,No visits,0,15,0.075,200,No visits
5,March 2011,LC_Cl,Baccharis pingraea,Asteraceae,No visits,No visits,No visits,0,8,0.04,200,No visits
5,March 2011,LC_Cl,Eryngium ebracteatum,Apiaceae,No visits,No visits,No visits,0,2,0.01,200,No visits
5,March 2011,LC_Cl,Conyza bonariensis,Asteraceae,No visits,No visits,No visits,0,370,1.85,200,No visits